S00F00004657323632305F30315F303109
S31A00004000452F05C228BF0C23ED3F92E706490000400000000020
S31A0000401500000000FFFFFFFFFFFFFFFFFFFFFFFFFFFFFFFFFFA1
S31A0000402AFFFFFFFFFFFFFFFFFFFFFFFFFFFFFFFFFFFFFFFFFF90
S31A0000403FFF206162636465666768696A6B6C6D6E6F7071727369
S31A00004054747576777A787930313233343500009E2400002100FE
S31A00004069010011546578617320496E737472756D656E74730059
S31A0000407E000008627132387A36323000000000000000000000D0
S31A000040930000044C494F4E0000000000000000000000000000DC
S31A000040A8000000000000000000000000000000000000000000FD
S31A000040BD00000007E1FF00000000000000000000000000000001
S31A000040D2000000000000000000000000000000000000000000D3
S31A000040E7000000000000000000000000000000000000000000BE
S31A000040FC0000000055FF7A00770080008800A7006D007E007159
S31A000041110075007E0075007D008D00E3008C01000000000000B1
S31A000041260000000000000000000000000000000000000000007E
S31A0000413B000000000055FF7A00770080008800A7006D007E008A
S31A00004150710075007E0075007D008D00E3008C01000000000001
S31A000041650000000000000000000000000000000000000000003F
S31A0000417A000000000000FFFF7A00770080008800A7006D007EA1
S31A0000418F00710075007E0075007D008D00E3008C0100000000C2
S31A000041A400000000000000000000000000000000000000000000
S31A000041B900000000000000FFFF7A00770080008800A7006D00E0
S31A000041CE7E00710075007E0075007D008D00E3008C0100000005
S31A000041E3000000000000000000000000000000000000000000C1
S31A000041F8000000000000000060001E000000301130113011006B
S31A0000420D000430113011FA0030F832F400006400E80330F8321F
S31A00004222F400000000000000000000000000000000000000008D
S31A000042370000000000000000000000000000000000000000006C
S31A0000424C00000000000000000000000000000000000000000057
S31A0000426100000000000000000000000000000000000000000042
S31A00004276000000000000000000000000000000000000807F002E
S31A0000428B00000000000000000000000000000000000000000018
S31A000042A000000000000000000000000000000000000000000003
S31A000042B5000000000000000000000000000000000000000000EE
S31A000042CA000000000000000000000000000000000000000000D9
S31A000042DF000000000000000000000000000000000000000000C4
S31A000042F4000000000000000000000000000000000000000000AF
S31A0000430900000000000000000000000000000000000000000099
S31A0000431E00000000000000000000000000000000000000000084
S31A0000433300000000000000000000000000FFFFFFFFFFFFFFFF77
S31A00004348FFFFFFFFFFFFFFFFFFFFFFFFFFFFFFFFFFFFFFFFFF6F
S31A0000435DFFFFFFFFFFFFFFFFFFFFFFFFFFFFFFFFFFFFFFFFFF5A
S31A00004372FFFFFFFFFFFFFFFFFFFFFFFFFFFFFFFFFFFFFFFFFF45
S31A00004387FFFFFFFFFFFFFFFFFFFFFFFFFFFFFFFFFFFFFFFFFF30
S31A0000439CFFFFFFFFFFFFFFFFFFFFFFFFFFFFFFFFFFFFFFFFFF1B
S31A000043B1FFFFFFFFFFFFFFFFFFFFFFFFFFFFFF1800FFFFFFFFEC
S31A000043C6FFFFFFFFFFFFFFFFFFFFFFFFFFFFFFFFFFFFFFFFFFF1
S31A000043DBFFFFFFFFFFFFFFFFFFFFFFFFFFFFFFFFFFFFFFFFFFDC
S31A000043F0FFFFFFFFFFFFFFFFFFFFFFFFFFFFFFFF91D0581800F1
S31A0000440500581886D4C64AC2B42B6E7C034801A3FD75F6581276
S31A0000441AB72DB72D0000000086D4C64AC2B42B6E7C034801A3DB
S31A0000442FFD75F65812B72DB72D00000000EF404040400A0A4095
S31A0000444440400309040001580200000000000000000000000072
S31A0000445900000000000000000000000000000000000000000048
S31A0000446E00000000000000000000000000000000000043162DAD
S31A0000448311FA10CD10AD108E10731057103C1021100910ED0F4F
S31A00004498D30FAF0F810F760F6A0F580F470F2A0F150F040FF7B7
S31A000044AD0EE90EE10EDA0ED40ED00ECB0EC90EC30EBA0EB30E4E
S31A000044C2AA0E9C0E850E790E760E6D0EEF0D460CE50E970E2E50
S31A000044D7FB49FDCDFE55FF39FF4EFEDFFD81FD4AFDE3FBE1FC8A
S31A000044EC9BFE5501570582048B04F203F6027801B6FF94003076
S31A0000450100C7010E013A00A8FFA6FEE6FD36FC5CFAC2F9A4F881
S31A0000451608F833F8E1F876F9A2F908F965F794D05BFF62FF60A0
S31A0000452BFF6FFF78FF7DFF7FFF7BFF7DFF72FF80FF85FF71FFBD
S31A00004540AEFF27003CFE3FFE4DFE6FFE8BFE5AFE57FE2EFE2CCF
S31A00004555FE36FE15FEF6FDE3FD1DFE2EFE0000000000000000EC
S31A0000456A00000000000000000000000000000000000000000036
S31A0000457F00F4011E580250460A0032021E030F2003020F040474
S31A0000459476FE54E76400504650460A90016400000019C0555A46
S31A000045A93700010014000500140023030807255A0A3C600582B1
S31A000045BE7017012C01F00A283200C800201C1E201CE803E803A5
S31A000045D30A0050466400804390010AC800881396003200000040
S31A000045E832FA004411FFFFFFFFFFFFFFFFFFFFFFFFFFFFFFFF47
S31A000045FDFFFFFF2004080000F00AFC080AB80B0A00053200C2AC
S31A00004612010514000A14F6FF0CFE329000B80BC800D40C0A011E
S31A00004627010F1C0C60093C1E5A0A8C0C8CB80B1C0C00053011C4
S31A0000463CCC10645F800CE40C06083011CC10645FCE14FF010771
S31A00004651000000000000000000E8036400000C14191E37013040
S31A00004666118400600108013011BC07A40FB00B3011F403BC07CD
S31A0000467BD8053011CC098811C00D58002C00C409540B100EA05D
S31A000046900F00FA0040004B002803018370FA7777E7649808FA8F
S31A000046A5640032000A00013C005735140C540B02B80B491149AA
S31A000046BA1149114911023C0F3C0F3C0F3C0F28230638FF05D88D
S31A000046CFDC06C80005050505260202F40158020226020000026D
S31A000046E432000000023200D007080708070200C409D007F0D2F8
S31A000046F9020000000000E80305941105050005FBFF050A016294
S31A0000470E016901035046000050AC0D0A00F401056400740E3267
S31A0000472300C800056400E8036401030C05FFFFFFFFFFFFFFFFEE
S31A00004738FFFFFFFFFFFFFFFF06005047FB466C0116008C47AE8C
S31A0000474D4664010012AB02FF46014774010113A9020247044792
S31A0000476275018C13072D2447264776018B13072D1B471D477795
S31A000047770111129B0208470A47780110139B0205470747790179
S31A0000478C0012AB02B246B4467A010083AB02B546000000008D2E
S31A000047A113C801DC46DE467B018D82C801DF46000000008C13C3
S31A000047B6C801D746D9467C018C82C801DA46000000004113A972
S31A000047CB02EB2CBF467D014182A902F72C0000000002139B02F4
S31A000047E0C846CA467E0102929B02CB46CD467F0104129B02CECB
S31A000047F546D046800104939B02D146D3468101066E2F0008003B
S31A0000480A00000000086E2F000400000000000A6E2F0003000040
S31A0000481F000000069100000000D4468201089100000000D54696
S31A0000483483010A9100000000D64684019A12C801E146E346855F
S31A00004849019A83C801E446000000009B12C801E646E8468601EC
S31A0000485E9B83C801E94600000000FFFFFFFFFFFFFFFFFFFFFF34
S31A00004873FFFFFFFFFFFFFFFFFFFFFFFFFFFFFFFFFFFFFFFFFF3F
S31A00004888FFFFFFFFFFFFFFFFFFFFFFFFFFFFFFFFFFFFFFFFFF2A
S31A0000489DFFFFFFFFFFFFFFFFFFFFFFFFFFFFFFFFFFFFFFFFFF15
S31A000048B2FFFFFFFFFFFFFFFFFFFFFFFFFFFFFFFFFFFFFFFFFF00
S31A000048C7FFFFFFFFFFFFFFFFFFFFFFFFFFFFFFFFFFFFFFFFFFEB
S31A000048DCFFFFFFFFFFFFFFFFFFFFFFFFFFFFFFFFFFFFFFFFFFD6
S31A000048F1FFFFFFFFFFFFFFFFFFFFFFFFFFFFFFFFFFFFFFFFFFC1
S31A00004906FFFFFFFFFFFFFFFFFFFFFFFFFFFFFFFFFFFFFFFFFFAB
S31A0000491BFFFFFFFFFFFFFFFFFFFFFFFFFFFFFFFFFFFFFFFFFF96
S31A00004930FFFFFFFFFFFFFFFFFFFFFFFFFFFFFFFFFFFFFFFFFF81
S31A00004945FFFFFFFFFFFFFFFFFFFFFFFFFFFFFFFFFFFFFFFFFF6C
S31A0000495AFFFFFFFFFFFFFFFFFFFFFFFFFFFFFFFFFFFFFFFFFF57
S31A0000496FFFFFFFFFFFFFFFFFFFFFFFFFFFFFFFFFFFFFFFFFFF42
S31A00004984FFFFFFFFFFFFFFFFFFFFFFFFFFFFFFFFFFFFFFFFFF2D
S31A00004999FFFFFFFFFFFFFFFFFFFFFFFFFFFFFFFFFFFFFFFFFF18
S31A000049AEFFFFFFFFFFFFFFFFFFFFFFFFFFFFFFFFFFFFFFFFFF03
S31A000049C3FFFFFFFFFFFFFFFFFFFFFFFFFFFFFFFFFFFFFFFFFFEE
S31A000049D8FFFFFFFFFFFFFFFFFFFFFFFFFFFFFFFFFFFFFFFFFFD9
S31A000049EDFFFFFFFFFFFFFFFFFFFFFFFFFFFFFFFFFFFFFFFFFFC4
S31A00004A02FFFFFFFFFFFFFFFFFFFFFFFFFFFFFFFFFFFFFFFFFFAE
S31A00004A17FFFFFFFFFFFFFFFFFFFFFFFFFFFFFFFFFFFFFFFFFF99
S31A00004A2CFFFFFFFFFFFFFFFFFFFFFFFFFFFFFFFFFFFFFFFFFF84
S31A00004A41FFFFFFFFFFFFFFFFFFFFFFFFFFFFFFFFFFFFFFFFFF6F
S31A00004A56FFFFFFFFFFFFFFFFFFFFFFFFFFFFFFFFFFFFFFFFFF5A
S31A00004A6BFFFFFFFFFFFFFFFFFFFFFFFFFFFFFFFFFFFFFFFFFF45
S31A00004A80FFFFFFFFFFFFFFFFFFFFFFFFFFFFFFFFFFFFFFFFFF30
S31A00004A95FFFFFFFFFFFFFFFFFFFFFFFFFFFFFFFFFFFFFFFFFF1B
S31A00004AAAFFFFFFFFFFFFFFFFFFFFFFFFFFFFFFFFFFFFFFFFFF06
S31A00004ABFFFFFFFFFFFFFFFFFFFFFFFFFFFFFFFFFFFFFFFFFFFF1
S31A00004AD4FFFFFFFFFFFFFFFFFFFFFFFFFFFFFFFFFFFFFFFFFFDC
S31A00004AE9FFFFFFFFFFFFFFFFFFFFFFFFFFFFFFFFFFFFFFFFFFC7
S31A00004AFEFFFFFFFFFFFFFFFFFFFFFFFFFFFFFFFFFFFFFFFFFFB2
S31A00004B13FFFFFFFFFFFFFFFFFFFFFFFFFFFFFFFFFFFFFFFFFF9C
S31A00004B28FFFFFFFFFFFFFFFFFFFFFFFFFFFFFFFFFFFFFFFFFF87
S31A00004B3DFFFFFFFFFFFFFFFFFFFFFFFFFFFFFFFFFFFFFFFFFF72
S31A00004B52FFFFFFFFFFFFFFFFFFFFFFFFFFFFFFFFFFFFFFFFFF5D
S31A00004B67FFFFFFFFFFFFFFFFFFFFFFFFFFFFFFFFFFFFFFFFFF48
S31A00004B7CFFFFFFFFFFFFFFFFFFFFFFFFFFFFFFFFFFFFFFFFFF33
S31A00004B91FFFFFFFFFFFFFFFFFFFFFFFFFFFFFFFFFFFFFFFFFF1E
S31A00004BA6FFFFFFFFFFFFFFFFFFFFFFFFFFFFFFFFFFFFFFFFFF09
S31A00004BBBFFFFFFFFFFFFFFFFFFFFFFFFFFFFFFFFFFFFFFFFFFF4
S31A00004BD0FFFFFFFFFFFFFFFFFFFFFFFFFFFFFFFFFFFFFFFFFFDF
S31A00004BE5FFFFFFFFFFFFFFFFFFFFFFFFFFFFFFFFFFFFFFFFFFCA
S31A00004BFAFFFFFFFFFFFFFFFFFFFFFFFFFFFFFFFFFFFFFFFFFFB5
S31A00004C0FFFFFFFFFFFFFFFFFFFFFFFFFFFFFFFFFFFFFFFFFFF9F
S31A00004C24FFFFFFFFFFFFFFFFFFFFFFFFFFFFFFFFFFFFFFFFFF8A
S31A00004C39FFFFFFFFFFFFFFFFFFFFFFFFFFFFFFFFFFFFFFFFFF75
S31A00004C4EFFFFFFFFFFFFFFFFFFFFFFFFFFFFFFFFFFFFFFFFFF60
S31A00004C63FFFFFFFFFFFFFFFFFFFFFFFFFFFFFFFFFFFFFFFFFF4B
S31A00004C78FFFFFFFFFFFFFFFFFFFFFFFFFFFFFFFFFFFFFFFFFF36
S31A00004C8DFFFFFFFFFFFFFFFFFFFFFFFFFFFFFFFFFFFFFFFFFF21
S31A00004CA2FFFFFFFFFFFFFFFFFFFFFFFFFFFFFFFFFFFFFFFFFF0C
S31A00004CB7FFFFFFFFFFFFFFFFFFFFFFFFFFFFFFFFFFFFFFFFFFF7
S31A00004CCCFFFFFFFFFFFFFFFFFFFFFFFFFFFFFFFFFFFFFFFFFFE2
S31A00004CE1FFFFFFFFFFFFFFFFFFFFFFFFFFFFFFFFFFFFFFFFFFCD
S31A00004CF6FFFFFFFFFFFFFFFFFFFFFFFFFFFFFFFFFFFFFFFFFFB8
S31A00004D0BFFFFFFFFFFFFFFFFFFFFFFFFFFFFFFFFFFFFFFFFFFA2
S31A00004D20FFFFFFFFFFFFFFFFFFFFFFFFFFFFFFFFFFFFFFFFFF8D
S31A00004D35FFFFFFFFFFFFFFFFFFFFFFFFFFFFFFFFFFFFFFFFFF78
S31A00004D4AFFFFFFFFFFFFFFFFFFFFFFFFFFFFFFFFFFFFFFFFFF63
S31A00004D5FFFFFFFFFFFFFFFFFFFFFFFFFFFFFFFFFFFFFFFFFFF4E
S31A00004D74FFFFFFFFFFFFFFFFFFFFFFFFFFFFFFFFFFFFFFFFFF39
S31A00004D89FFFFFFFFFFFFFFFFFFFFFFFFFFFFFFFFFFFFFFFFFF24
S31A00004D9EFFFFFFFFFFFFFFFFFFFFFFFFFFFFFFFFFFFFFFFFFF0F
S31A00004DB3FFFFFFFFFFFFFFFFFFFFFFFFFFFFFFFFFFFFFFFFFFFA
S31A00004DC8FFFFFFFFFFFFFFFFFFFFFFFFFFFFFFFFFFFFFFFFFFE5
S31A00004DDDFFFFFFFFFFFFFFFFFFFFFFFFFFFFFFFFFFFFFFFFFFD0
S31A00004DF2FFFFFFFFFFFFFFFFFFFFFFFFFFFFFFFFFFFFFFFFFFBB
S31A00004E07FFFFFFFFFFFFFFFFFFFFFFFFFFFFFFFFFFFFFFFFFFA5
S31A00004E1CFFFFFFFFFFFFFFFFFFFFFFFFFFFFFFFFFFFFFFFFFF90
S31A00004E31FFFFFFFFFFFFFFFFFFFFFFFFFFFFFFFFFFFFFFFFFF7B
S31A00004E46FFFFFFFFFFFFFFFFFFFFFFFFFFFFFFFFFFFFFFFFFF66
S31A00004E5BFFFFFFFFFFFFFFFFFFFFFFFFFFFFFFFFFFFFFFFFFF51
S31A00004E70FFFFFFFFFFFFFFFFFFFFFFFFFFFFFFFFFFFFFFFFFF3C
S31A00004E85FFFFFFFFFFFFFFFFFFFFFFFFFFFFFFFFFFFFFFFFFF27
S31A00004E9AFFFFFFFFFFFFFFFFFFFFFFFFFFFFFFFFFFFFFFFFFF12
S31A00004EAFFFFFFFFFFFFFFFFFFFFFFFFFFFFFFFFFFFFFFFFFFFFD
S31A00004EC4FFFFFFFFFFFFFFFFFFFFFFFFFFFFFFFFFFFFFFFFFFE8
S31A00004ED9FFFFFFFFFFFFFFFFFFFFFFFFFFFFFFFFFFFFFFFFFFD3
S31A00004EEEFFFFFFFFFFFFFFFFFFFFFFFFFFFFFFFFFFFFFFFFFFBE
S31A00004F03FFFFFFFFFFFFFFFFFFFFFFFFFFFFFFFFFFFFFFFFFFA8
S31A00004F18FFFFFFFFFFFFFFFFFFFFFFFFFFFFFFFFFFFFFFFFFF93
S31A00004F2DFFFFFFFFFFFFFFFFFFFFFFFFFFFFFFFFFFFFFFFFFF7E
S31A00004F42FFFFFFFFFFFFFFFFFFFFFFFFFFFFFFFFFFFFFFFFFF69
S31A00004F57FFFFFFFFFFFFFFFFFFFFFFFFFFFFFFFFFFFFFFFFFF54
S31A00004F6CFFFFFFFFFFFFFFFFFFFFFFFFFFFFFFFFFFFFFFFF201E
S31A00004F8104080000F00AFC080AB80B0A00053200C20105140021
S31A00004F960A14F6FF0CFE329000B80BC800D40C0A01010F1C0C73
S31A00004FAB60093C1E5A0A8C0C8CB80B1C0C00053011CC10645FD0
S31A00004FC0FFFFFFFF7E00000080FFFFFFFFFFFFFFFFFFFFFFFFE8
S31A00004FD5FFFFFFFFFFFFFFFFFFFFFFFFFFFFFFFFFFFFFFFFFFD6
S31A00004FEAFFFFFFFFFFFFFFFFFFFFFFFFFFFFFFFFFFFFFFFFFFC1
S30600004FFFFFAC
S31A0010000019000D001000130016009B97709B3BC19B3EC19B29DF
S31A001000157C9BA27CFC6030180C2450806001F100F12820000656
S31A0010002AF6089FF1269F167DA620901C342596029F5F0024D36D
S31A0010003F0025D3002668489F6E002496022596029F6E009FE4B2
S31A00100054729F5C2699BF705000EC94F640ED4087F59A408050CD
S31A0010006900EE96EC94EC5587F49A9808980F9815981C9822228E
S31A0010007E7A222400066304FD228E0D247C0573FD22B600240758
S31A00100093056304FD22631524F60473FD220827243F0473FD3F4A
S31A001000A824938060FEF0002102009C472F9A32210E009C432673
S31A001000BD90806001F1832102009C45729F5E6AA62AA623C37F7B
S31A001000D2729FA469E6EA00880B21007F9FAC6B2108009C47E63A
S31A001000E7AA0E93D42104009C4799CD3F9F0E692F9A3F9F7D6880
S31A001000FC2F9A3F219B469F19692F9A2405460200A100CDC00244
S31A00100111900332981E2497020102EAE18812010EEAE1880CA114
S31A00100126029EE909B37032B4749803220100A6429A3D3F9F390B
S31A0010013B73F6159F0E73D2008404F95090129FFD6DEDC1900B64
S31A001001502464016001F10F6002F3CD2F2D9A9B8C679A9BCB6C88
S31A001001659A2499464301C301C2BFE73840A603B3129AA62624F2
S31A0010017A0046E060008022245A01E06001801A249702020A24EB
S31A0010018F0546011AE9E2800CF4211CE9E29408A42D019803A4DF
S31A001001A42D00A1002D9006A662E612809AA662C27F9AA1039D61
S31A001001B9CB029003E61202CB049003E612019A249702010020EE
S31A001001CE54F5E8219A3D24DD0202142497020104EAE19402F6AB
S31A001001E32125054624DD02401AE050578803A42401A1002490D3
S31A001001F813E4609B800EA42400240546F42115E57330B2E22DB2
S31A0010020D9A3D3E3FA704240040060EA104C5CC04840524C04068
S31A001002220601CC0290043132983CA630A614A6159C8511C012C2
S31A00100237C2250040F42652F661A630A614A6159C85F616F6271D
S31A0010024C0150A630A614A6159C853A39F661F6729C7FAC3A395E
S31A0010026101C402C69C73ACAC2F2E2D9A2499464201C201B2920D
S31A001002769A3FA10028900463049801739F8A1066089C8224D9F2
S31A0010028B02F4C9012F9A3FE4921BA31B20D2019403A41B00A147
S31A001002A0001B90046210980262E5A1002890046304980263026E
S31A001002B59F8A1066089C81F613A1041BF6319FBF0F2F9A3FF6FF
S31A001002CA14F801840133F6419C6B2F9A3D3F259702330260214D
S31A001002DFF0009C6B33024621EC009C6B33025021F4009C6B2F9E
S31A001002F42D9A3FA4310032219B029FA17232219D029FA172328C
S31A0010030921B7029FA1729FD6022F9A3DA2C03F2497020204A1BB
S31A0010031E062E249946F4E20E80073119256C01984AF4B10CE9BA
S31A00100333E28C073119256CFF983CD6FF841BEAB1F4E1108C4DAF
S31A00100348F591251925B3B3B2E2B3B3B2E2E0521288479839D6F3
S31A0010035D018435F4E2108C30F591251925B3B3B2E2B3B3B2E23C
S31A00100372E05213882A981CBC569018259702025E21B7029FA1C3
S31A00100387720244219D029FA1729FD602A6C6A32E60D6018408AA
S31A0010039CA4890098037C99D92FA00C2D9A3F24004000083800FB
S31A001003B106389C79AC9FBF76200080E9C084032101802F9A3DD6
S31A001003C63E3FA702A62A7BED66F664201C01E824010E9F0E02E7
S31A001003DB9FA90311C0F612F66120C102E8219FA172ED61E96146
S31A001003F0203C44E82546417702C0200001E8219C6BAA2F2E2D10
S31A001004059A3D3E3FA701A62AA100329004620498017252C024F2
S31A0010041A5A01E0600180064003C008900742C0E6120852C0439C
S31A0010042FC0A6A2E622E89F8A10A6AC7DEE65201E01E82524D906
S31A0010044402F4C900F4D2026608208000E82130E8329C81114037
S31A0010045940C0C00890109F8467EE65201C01E82566089C81114D
S31A0010046E4EEE64201E01E8240100B360800131A92F2E2D9AA243
S31A00100483B03E3FA70B240040000010C084082148019F696E11BE
S31A00100498C09F6D0252C67B313211C212C4984AA6B29F060411D8
S31A001004ADC702C09C76F421C2F43AC411C212C402C701C09F836B
S31A001004C27611C9A6BC7DEE6102C920BD02E8219FA172EE61E9F4
S31A001004D761203C44E82646817702C920F800E8219FC802A6B200
S31A001004EC9FC503BB9BE05BC683B19807A6B29F0604BB9BE65BBC
S31A001005010197F401C202C49FF376F61221C5029FA172243C446C
S31A0010051646077724BD0202082110019FC802A50B2F2EA00B9A1C
S31A0010052B3D3FA70424D9020100020211C012C224FC02400084EF
S31A00100540033598062499464A0B7B21EF009F8A103A39F652F6ED
S31A0010055581E62204B3D39C6C6604F682E62404B5D521D9029F4B
S31A0010056A7972ACAC2F2D9A3FB3608001319F83772F9A3D3FA1AA
S31A0010057F02278408A427019F2B059874240040D2018436010201
S31A001005948406215E019F696EF615A4270262EC9F7702241C013D
S31A001005A9110AF6529F7105F61221C9029FA172243C44460577A3
S31A001005BE24BD02020C210C01983401048406215C019F696EF6AE
S31A001005D315A4270062ED9F7702241C01110CF6529F7105F612F3
S31A001005E821C7029FA172243C4446067724BD02020A2108019F2D
S31A001005FDC8022F2D9A3F24FC0240009008245A01E06001800E8C
S31A00100612A42801A427009F7C059F7C059803A428009F91029FAD
S31A001006279102729FE76A9F82049F7C05A102329FE76A9F0268A0
S31A0010063C2F9AA2A03FFC6024CF024A097421D8029F9772FC5042
S31A00100651A6A22FA00A9A3D3E3FA70809340A3611C012C2245ABA
S31A0010066601E0600180092400464004C01090C901C002C29DFFA6
S31A0010067B7E9C6A2446444A027B0A1E0B20EDE18C5E3B3A01C416
S31A0010069002C69C72ACF623F612191E1B20F5911C191C244644A5
S31A001006A50703EFC188043132984DF70042F70000F621F6329C91
S31A001006BA79ACF615F626F671329C863A39F651F6629C7FAC9D98
S31A001006CFFF7E9C6A2446444A017BEDE18C0431329804091E0A7B
S31A001006E420331B1C980C3B3A01C402C69C72AC341C1C33341B13
S31A001006F91E1C20240040000C38000A389C79AC11C412C6253CC3
S31A0010070E014D443A39F6519F5B7E4444E5C4D421D7029F977255
S31A001007237601C802CA9F6835FC6024CF024408E0240921D802BF
S31A001007389F9772FC50ACA82F2E2D9A3DA2C03FA10AC57B24C07D
S31A0010074D404C00E6AC029026E6AA028424A1023173E96420CFEE
S31A0010076202E82401009C6A249946F4E10C940AE4609E8805E680
S31A00100777AC0484037498026401BBB3BAE2B3B3B2E2E64201C2BE
S31A0010078C01B254900FD400900521080C9803210C0C9F2E682FC6
S31A001007A1A00C2D9A3D3F9FBA6C241C0111009F0E0219341A36DB
S31A001007B69FA903F613A10231A62A7B200200E8E5940372980213
S31A001007CBB292A33120245A01E06001880532D2008403220100D0
S31A001007E0A3304073E961F63220CF02E8219FA1729F43079F576B
S31A001007F5062F2D9A3D3FF615B360802A24DD02F46110E9E580E3
S31A0010080A20A100229010243C44460077A10423EA0A2118019C4D
S31A0010081F6BA10223A32220A323A09806A42300A42200211801CD
S31A001008349C6D2F2D9A3D3E3F24CF020502A6B0A61CA61D010008
S31A00100849A630A614A615E925EA360104A630A614A615E925EAC3
S31A0010085E360106A630A614A615E925EA36E6ED00880820030033
S31A00100873E82530E8366602F651F6629C81F616245A01E060010F
S31A001008888810A10030900B9FF907F61221ED029FA172F6619CE5
S31A0010089D6A2446444A007BEDE1880136F662219B029FA172A15D
S31A001008B200309028243C44460077249702020421EC009C6B21DA
S31A001008C7EC009C6DF612219D029FA1729FD301F61221F1029F69
S31A001008DCA1722F2E2D9A3DA2C03FA7022499464A004E01E60EA3
S31A001008F140E6AA0184063223FF7F981C24BD02010EF613F612F7
S31A00100906B360800132E65E0090046C01980730E8E18C01317CE9
S31A0010091BE6AA02902024BD020510EDE39402F653EDE28802F679
S31A0010093052E65E009006E925BC9C9806E9E58C02F61521B90229
S31A0010094513C09FA17203C0F63221BB029FA1722499464001C083
S31A0010095A40900EE65C009009F651A6C4759C7BF615243C444687
S31A0010096F0877F6522114019FC8022114019C6DF6122197029F57
S31A00100984A172AA2FA00C2D9A3D3E3FA70B9F6D0252C63111C451
S31A0010099924FF7F14C2986FE089C659C659C97252CAF466C9EEA5
S31A001009AE66F66120F800E8219C6DF615F464C914C7F612F641F1
S31A001009C3209F02E8219FA172249702F804840336980BF66120FD
S31A001009D80001E8219C6DF61601C2EDE1940215C204C4EDE488B6
S31A001009ED0215C4F66201C720AD02E8219FA172F652F6619FD24A
S31A00100A0273F61201C720B102E8219FA17249C6E65900878A0297
S31A00100A17C221AB029FA17202C421A9029FA172210C019C6DF601
S31A00100A2C1221A5029FA1722108019C6DF61221A3029FA172213F
S31A00100A4110019C6DF616F6122199029FA172F6622497020104D4
S31A00100A569FD27311C0F61221B5029FA172A100309037243C44F2
S31A00100A6B4A007BA6A6A6B7F66221F4009FC80221F4009C6DF608
S31A00100A801221A7029FA172A6A6A6B702C021F0009C6B21F00029
S31A00100A959C6DF61221B7029FA172A50B2F2E2D9A3D3F245A01CA
S31A00100AAA4002C001901BA10633240546441275A66273E9E28891
S31A00100ABF046401980BB692A333209803A43300742505462497B1
S31A00100AD4020114245A01F4E1428C1A6004F101A1022BE052440A
S31A00100AE98807B292A32B20980EE4609E800D980760FBF001A47D
S31A00100AFE2B00D4009026259702014E240546F4E10588190144DC
S31A00100B1330E8E18C12729F656C9FE5279F1D729FBA6A62FF9FA2
S31A00100B2873772F2D9A3F9F8C099FE20824CF0242089F102DA10A
S31A00100B3D003090599FA06AA32F209FF52E9F782E9FC92D2464B5
S31A00100B52014008C00190064009C0019003A42C012464014001A0
S31A00100B67840C400384084005840440079009245A016008F1017E
S31A00100B7C9807245A0160F7F001245A01A1003290066010F1039C
S31A00100B91980460EFF0039FA50A2F9A3F9FEC69B2626506A624C8
S31A00100BA6215A019F66722F9A3D3FA1009DC010901A245A014075
S31A00100BBB03C0208411A1002C900C32240546A10033E0501194E4
S31A00100BD003220100A6452499464402D2009029D500840FD201DA
S31A00100BE5900BD2038408249602440098017473A6429FE36BA6EE
S31A00100BFA242196029F97722496024B00989CD500841525054632
S31A00100C0F2497020114F4E1428C0EA1002BE050448006C4FED5DA
S31A00100C240084322400464200CA109007A1009BC0108422CA084E
S31A00100C399007A1009BC0208417CA209007A100B0C008840CCA4E
S31A00100C4E40840A245A01E060018002C4F5CC0290102497020186
S31A00100C6302249946F4E1098803E61408A6429F66019F77019F52
S31A00100C78B6012400464000E70840A61AE60A01A6A39FE82DA66D
S31A00100C8D2BA6A39F4C2EA62AA6242196029F977263CFA6A29F9B
S31A00100CA21C6B245A01E6AB0184066020F101980460DFF00124A3
S31A00100CB75A01E6AB0284066040F101980460BFF001A1002F90FC
S31A00100CCC069FF568A42F009F9C0B2F2D9A3F62039FAE0B9FD67B
S31A00100CE1022F9A3FE4922AA32A20FC602442015200A10229521E
S31A00100CF601231600221C012144019C71FC50A10229245A014010
S31A00100D0B02C020900CD2029015A429029FFD6C980AD2019009E1
S31A00100D20A429019FED6C9F43072F9A3F9F196C9F02069FA507DB
S31A00100D359FE40C9F39089F2D0B2100029C472F9AA2A03FA62A2D
S31A00100D4A322101029C439F4307E65A0090039FED6C2FA00A9A22
S31A00100D5F3F62019FAE0B9F3701A431039F2B0D2F9A3F24640158
S31A00100D744009840C400B8408400D8404400F9008640121F40E60
S31A00100D899F01262F9A3D3F62809F656C62019F450D25FC02E08B
S31A00100D9E8040901621C8429F6B2F4040D00290059F5F0D9808CE
S31A00100DB39FD90C98039FF800A42E00640221FC029F97729F7051
S31A00100DC80D729FAE0B9F2B0D9F772A9F140399EE3FA71024C0FB
S31A00100DDD424009840C400B8408400D8404400F901C6410216430
S31A00100DF2019C686410F6819C6860FDF2CD231000F68221C042F8
S31A00100E079F866DA5102F9A3D3FA712245A010100020211C01214
S31A00100E1CC2259A00230300F652F681E62204B3D39C71A103B052
S31A00100E3153C70AB112C82497020108020A11CA12CC020C12CE6E
S31A00100E46010E11D0231200F68221D0429F866D6403F6519C686D
S31A00100E5BA5122F2D9A3D3E3FA71021C042F686256401980FF688
S31A00100E70144040E010005080EE96E991ED95207401EDC087EAD0
S31A00100E8560FDF2CD231000F68221C0429F866D6002F3CDA510EF
S31A00100E9A2F2E2D9A3FA70E23060022CB02F684EC91E9919C717F
S31A00100EAF9FA035230400F612F681E62208B3D39C71249702019D
S31A00100EC40411C024CA01010011CC230E00F68221E2429F866DE1
S31A00100ED9A50E2F9A3FA715F6819F7A6A231500F68221F0429FDB
S31A00100EEE866DA5152F9A3D3F62019FAE0B245A016010F10162E9
S31A00100F03829F656C62019F450D24C0424009841B400B84174049
S31A00100F180D8413400F840F9F73279F0E0E9F9E0E9FDD0E9F6060
S31A00100F2D0E6002F3CD9FF602256401980D729FAE0B9F600E9F2D
S31A00100F422B0D9F1403404987EF404B87EB404D87E7404F87E3A6
S31A00100F5760FDF2CD245A0160EFF0016401218E0D9F01262F2D51
S31A00100F6C9A3F62029F95719F020662029F9E719F2D0B9F772AA8
S31A00100F812F9AA2A03E3F729F450D7A265A012101009C45729F4B
S31A00100F96AE0B60FBF083E65A009007A100B1C020900E6004F1AD
S31A00100FAB839F6D0F2405464A0E9002BA8A2100029C4799D03D34
S31A00100FC03E3FA70554C424D902F616F4CE0154C27252C3F46402
S31A00100FD5C2201C01E8241616250044D4008417F4E64488040335
S31A00100FEA46987E0240F6619F8376F613F423429870216A019FBA
S31A00100FFF696E11C0216C019F696EF613025E840202C024004402
S31A0010101401208402F631F613210080EEC19F2F77E9C62400442E
S31A00101029011C051A230080E9C3F652E9C2210080EEC19F2F7789
S31A0010103EF653E9C3F652F6619F2F77F6156605F6122108449F24
S31A001010539276F613F6522100409F2F776604F6122112449F9259
S31A0010106876F61304C2200040E8244414EA0A42C473E961EB2290
S31A0010107D20CB02E8219FA172AD2F2E2D9A3F9FD7679FB7672FC7
S31A001010929A3DB360800131F615EAE19402F6252400464001C0A5
S31A001010A7019029E4609B8824A100B0C002841DF70000F770FDCA
S31A001010BCF621A630A614A6159C78AC66109C81F612E9E59402E8
S31A001010D1F625F6512D9A9A3D3FF6152400464001C002901D246C
S31A001010E64C464001C0108414245A014003C001840BE4A02E845C
S31A001010FB060040EA509405F6519FA1722F2D9A3D3E3F252103BF
S31A0010111044487521F5029FA172024421E7029FA17226DD0202E0
S31A001011258A01409F9310F61221E5029FD8102400464001C0048C
S31A0010113A900EA100B0C0019007F8888403A489012F2E2D9A3DAD
S31A0010114F3F252946024021E7029FA17202442199029FA17222CE
S31A00101164400021E3029FA17222720B2197029FA17225054602EB
S31A001011795321ED029FA172025521F1029FA172242747440475CA
S31A0010118E21F5029FA1722100029C459F3B712F2D9A3D3F25DDA9
S31A001011A3026601024A01489F9373A6247521F7029FD810425A02
S31A001011B89F9344729F9A45242103440A7521F9029FA172014686
S31A001011CDC28FC335A624A635A106B0CE409003E61440CE089071
S31A001011E205E4802E90252464014200CA06841C4002C0108416AF
S31A001011F74008C00284104009840C400B8408400D8404400F90CB
S31A0010120C03E61540CE029003E61420CE049005E4A02E9025240A
S31A0010122164014200CA11841C4002C02084164008C001841040E7
S31A0010123609840C400B8408400D8404400F9003E61508CE018410
S31A0010124B0F2464014001C00184064009C0019003E6141021E3A9
S31A00101260029FA1722F2D9A3D3FF61530E8E18C0521FFFF985998
S31A0010127524CA010700F4271E30E8E78C03319849245D46023581
S31A0010128AF620E950940334980AF614EAC4EF549402F674F6513B
S31A0010129F9C7C200200E8518C04E9619810200800E85194052114
S31A001012B40A009804E991E991F6429C7766039C81F653223C00FD
S31A001012C9EF219F92772F2D9A3FF627B360880521FFFF980CE9A4
S31A001012DEB324DD020208F6719F92772F9A3D3F24970201069F6E
S31A001012F36712F61221EB029FA1722103009F7439223C009FD151
S31A0010130812F61221E9029FA17225DD02223C0001509FD112F6B7
S31A0010131D1221EF029FA172223C0001549FD112F61221F3029FDD
S31A00101332A1722F2D9A3F2105009F7439223C009FD112F61221CD
S31A00101347E1029FA1722F9A3F2464014203CA30900522101098A7
S31A0010135C0322001021E4029F66729F0A119F9F119FEB129F3738
S31A00101371139F2D212F9A3D3FF5913B193B2400464004C00190F8
S31A0010138614255A01E06041800C24054602189005A1008A8405C9
S31A0010139B3119399815205702E8519410F591391939EA518004D1
S31A001013B06001F14231193B093D9004E981193DA1028AD2FF90D1
S31A001013C505B292A38A209F65309FAA279F762F2F2D9A3F240026
S31A001013DA464002C0019033A1028C9005B282A38C20A1008C84E4
S31A001013EF1CA1028BCA0C900724178060DFF000E6120CA38B20E0
S31A001014042423464205A38C20A1008B90039FC0702F9A3D3E3F89
S31A00101419A7039FFD6C9F43072100029C453111C124004005108D
S31A0010142E265A0198249F3B712100029C45241C0100C1F42000F1
S31A0010144310C12101019F3F16D20084064082C0089006ED85F9AF
S31A001014585087D89FED6C9F4307F950843201C19C6A244644F470
S31A0010146DE105882624C0404200E6120452C0230300F682F64177
S31A001014829F866D245A016002F10360F7F00221A08C193D98074D
S31A00101497245A016002F1039F3B71AB2F2E2D9A3D3E3FA7019F3A
S31A001014ACFD1552C063019F3F16255A01D200902D4043C00284C1
S31A001014C13C24C0404000C0019033FA3D842F9FC801260546F425
S31A001014D6E18C8C249FC801F4E18A801CE060428817980640422A
S31A001014EBC00890059F1614980A42C0D200840460FDF04373426D
S31A00101500C09F3F16A92F2E2D9AA2A03FA62AA1003884039F4EA1
S31A00101515132100029C459F3B719F3E06E9099FA3319F3F287289
S31A0010152AA1003084026201A33820D20084109F7713E65A00848E
S31A0010153F089FD7139FA6149802A6A22FA00A9A3F245A016080A4
S31A00101554F101660122161821830F9F1F262F9A3D3E3F9F3B715E
S31A0010156924FB024200D2019028D20290039F4E117224FB024031
S31A0010157E00D002840262019F2C297224FB024000D00284026206
S31A00101593019F76339F4E13640221FB029F97726580A65421E3D5
S31A001015A8029F6672255A0160FEF0439F3B71F65625DD02A10052
S31A001015BD30900C9F2E72D200840562019F73774081E70804A657
S31A001015D212E64201C2019F6C2CD20090039F1E3001429F9A35B6
S31A001015E7729F7B32729F0915D20093C8A1002E87C39F4E15990B
S31A001015FCBE3F9C22D200901BA1063FA66273E991E991240546C8
S31A00101611440975EAE18822B692A33F209803A43F00249946406C
S31A0010162601C008840331980F31240546A1008AE05009800321C9
S31A0010163B01002F9A3DA2C03FA63C2499464001C010840B245AD9
S31A0010165001E06002880335980F73240546400E84026301E64382
S31A0010166501A63AD2008408245A01E060028063245A014002C0F6
S31A0010167A01845A24970201049C6A240546F4E1078C4BE65C003A
S31A0010168F8405E65A0090412464014009843A400B8436400D8430
S31A001016A432400F842E400A842A400C8426400E84224001C040C5
S31A001016B9841C4203CA058416400084124002840E4204CAC384B7
S31A001016CE08400684046201980D72245A01E060018004607FF08E
S31A001016E3022FA00C2D9A3FD200840B9FFD15739F3F16D200842A
S31A001016F816245A01607FF00160F3F0036601226315218E0D9FC0
S31A0010170D1F262F9A3D3E3FA704729F656C21000C9FA469210C56
S31A00101722009C449FED6C245A016008F1032400464204C2205205
S31A00101737C13536680458C0985F9FA5079F390849C1E6590090DC
S31A0010174C3024970201049C6A240546F4E1079421420FD20294C1
S31A001017611B52C27959C3F461C2329C863A3909340A369C79AC7D
S31A0010177619341A369F5706729FE916083638083438F651F66216
S31A0010178B9C72ACF615F626F7803EF700009C79AC19341A36E068
S31A001017A082C052C0D2FF8798245A0160F7F0039F0D6D62409FB7
S31A001017B5656CAC2F2E2D9AA2A03F2400464004E70802A6124050
S31A001017CA04C04084092499464001C0088404D2009005A41202B0
S31A001017DF9803A41201630C24054642109FC869210E0E9FA469A4
S31A001017F46A049810210C009C45C2049FE9169F196C9F5706BA68
S31A001018098AE65AFF87E9A412002FA00A9AA2A03E3F7A260546A8
S31A0010181E729F6C2C62019F7B322101009C47E65A0084099F11C5
S31A00101833174A8F900798039FBC17BA8A62019F091599D8F61219
S31A00101848F614E6297020FF0FE8549418E6238020FF00E8519461
S31A0010185D0EF621E623C020FF1FE8519402729AF62320FF8FE8AA
S31A00101872529407F64324FF0F980CB560800524FF80980324FF54
S31A001018875F1B03A1028584026220A38820EC92EBC273E9E28055
S31A0010189C0362019AB892E5C262A3882062019A0B8320FF3FE8B2
S31A001018B1539411A104887521FF5FEAC1E9538C04EB221A839A38
S31A001018C6F6140100C37F1100C57FF620E9C09005E61380110077
S31A001018DB9A3F9F0E73245A01D20090066003F10198094201C207
S31A001018F0FCE6120152019F2D212F9A3F9F4B73620B2F9A3F645A
S31A00101905402142009C682F9A3D3FF615D44094026440A382400D
S31A0010191A9F0319A1068277F6522142009C712F2D9A3F66100ADA
S31A0010192F862180009F786E2F9A3F6608F6122190009F786E2FFE
S31A001019449A3F2180009F156E66182242002180009F316E2F9A52
S31A001019593F66082252002190009F786E9F45192F9A3D3F254263
S31A0010196E00230800F6522152009C716610F6522180009F786E77
S31A001019839F45192F2D9A3F0A400983F610EAC08516200002EADA
S31A00101998C08414E48082840FA10242A38520D24094CCA485404B
S31A001019AD98C79F4618D20090240903A10682E456888CB6E460B0
S31A001019C2848008772242009C7198A9204047E95094A2772242D4
S31A001019D70098990A83203700EAC0841CA10082D0108428641063
S31A001019EC2142009C659F5919311983A482149F03199877203535
S31A00101A0100EAC0840CA10082D00884059F6A199864245A01421D
S31A00101A1601CA03D0039059207000EAC0841FA10082D0208C4B54
S31A00101A2B2301002282002140409F866DA106827722420021412F
S31A00101A40409830204D00EAC08412A10082D002842523020022E1
S31A00101A5542002167409817204E00EAC08413A10082D002840C79
S31A00101A6A2302002242002169409F866DFA83842DA10082D01437
S31A00101A7F8426203700F5C04090092400464003C004840A215637
S31A00101A940019869F2B19980521FEFF19866004F38D98039F032A
S31A00101AA9192F9A3D3E3FA702A62C7D210400EE0111C0FB840416
S31A00101ABE098319400D40A48202200002EDC0840CA10385A34236
S31A00101AD330A443409B491DF6519F4618D2009008A104880903A9
S31A00101AE89BE01CF651207F0FE821200100E8518C086418214271
S31A00101AFD019BE01C20FF00E8558DB0E65A50910BE65A508C54F1
S31A00101B12E65A098C28E65A0780039B491DE65A03909FE65A032B
S31A00101B278C0CE65A019090E65A028585989AE65A058C039B4964
S31A00101B3C1D9899E65A4B90B2E65A4B8C0CE65A359092E65A4A1F
S31A00101B5185659897E65A4D90B0E65A4D80A1E65A4E855498AB2B
S31A00101B66E65A589135E65A588C25E65A549104E65A548C0FE66F
S31A00101B7B5A5290C8246401E65A528CD998A8E65A5690FCE65A19
S31A00101B90568D0698EEE65A71914BE65A718C12E65A608114E6C4
S31A00101BA55A619502E65A70850A9BD81CE65A72916BE65A788C03
S31A00101BBAFD9B3B1D21202698189FEA72A34220A443009B491D11
S31A00101BCF2142009FFB189B461D9F194819429B491DA48208212D
S31A00101BE442009F38199B491D246740441921814098EA2467404C
S31A00101BF9442E21964098E02467404404216C4098D664022167A4
S31A00101C0E4098CF640221694098C8A482042464014300A3423069
S31A00101C234202A343204304A3443042069843A482044301A34278
S31A00101C38304203A343204305A344304207982DA48204246401E6
S31A00101C4D4308A34230420AA34320430CA34430420E9814A48232
S31A00101C62044309A34230420BA34320430DA34430420FA34520DF
S31A00101C7798D09F9C0B6404215A01985D6403219A009856A48285
S31A00101C8C03A103B0A3423009B1194398B06402219D009840A4C3
S31A00101CA182152142009F7A6A989E224200A6A2E622A09F0E273D
S31A00101CB6988E311940F8C09003729889E6AC088411A4821424E8
S31A00101CCB5A014002C00484769F03199871244040440021414045
S31A00101CE09F0D199864A482209F0319230400229F022142009C2E
S31A00101CF571259702014C194A014E194C23040022AD02214E00CA
S31A00101D0A9C7123040022B1022156009C71015E195E0160196071
S31A00101D1F9828A4820E9F031923040022CB022142009C712497A9
S31A00101D34020100194C980E224200A6A2E6228D9FC145A382204B
S31A00101D496201AA2F2E2D9A3DA2C03FA704F615210C2711C02164
S31A00101D5E3D0411C26604F682F6519F882FD20084037C9809242D
S31A00101D735A016020F1036C0121100011C011C26603F682F6510C
S31A00101D889F882FD2009007245A016001F102A6C2AC2FA00C2D82
S31A00101D9D9AA2A03E3FA708F616245A014A01E60A03F6819F38FC
S31A00101DB219E65A0384196601F682F6619F882FD2009033245A6E
S31A00101DC7014201C2FCE612029821E65A0284226602F682E6246A
S31A00101DDC04B5D5F6619F882FD2009010245A014201C2FCE612B7
S31A00101DF10152016A0198017AF6619FB72FD200900E245A0142E8
S31A00101E0601C2FCE6120152016A01A6A2A82F2EA00A9AA2A03F29
S31A00101E1BA62A9FBA2CA1009DC0108424E6AA06901F729FB60184
S31A00101E302400464000E70840A613C3019F4C2EA62A9FF56863E9
S31A00101E450FA6A29F1C6B2FA00A9A3DA2C03FF6157C245A01425C
S31A00101E5A01CA03D00184026C01245A0160CFF002E65C00902336
S31A00101E6F203300EDC0900720000FEDC084079F00779C05980EED
S31A00101E84203500EDC0904B203700EDC090442080F0EDC091416F
S31A00101E99F651207F0FE821200100E8518C1DE4609E8035245A08
S31A00101EAE014202E6121052022082F0EDC08419E6122052029888
S31A00101EC312F6519F4618D200900DE65C008404BB60880B1D8317
S31A00101ED898A720FF00E8558CFEE65A2390C5E65A238C38E65A9B
S31A00101EED13909EE65A138C11E65A119080E65A118C86E65A1085
S31A00101F0284DB985AE65A209091E65A208C07E65A1F84CA98802A
S31A00101F17E65A219085E65A2284BE9883E65A2E909CE65A2E8CD6
S31A00101F2C1DE65A289088E65A288C07E65A2484A39872E65A29F4
S31A00101F41907CE65A2D8497986BE65A309082E65A308075E65AB7
S31A00101F5641902CE65A4284819828245A014002C00190082405D9
S31A00101F6B464312A33330245A016001F1029807245A016080F1E8
S31A00101F80026201985B9F0077729F737799F3245A016008F10267
S31A00101F9599EA2102009830210400982B2108009826211000981B
S31A00101FAA21212000981C214000981721008098129FEC2899C28D
S31A00101FBF9FD80D99BD9F732799B82100409F181E99B09FA32CA6
S31A00101FD49F1D739FDC1831198399A2722FA00C2D9A3D3FF6157D
S31A00101FE99FFD6D11402F2D9A3D3FF61566202268482100449C9D
S31A00101FFE6411402461400200F6519FC6182F2D9A3D3FF6156695
S31A00102013202265402119409C6466A02268482167409C64114050
S31A001020282461400204F6519FC6182F2D9A3D3FF6159F0C48117D
S31A0010203D402461400202F6519FC6182F2D9A3F20A723E9C0845F
S31A0010205209245A0160DFF0039867CBFF8463A623D2099407E6D4
S31A0010206722B6D22E8C49D30784040A831A42A63273198320044B
S31A0010207C00E9C084082142009FE51F983D200500E9C0840821AE
S31A0010209142009FF11F982E200800E9C084082142009F35209821
S31A001020A61F200900E9C084182142009F0E209810D34384059F6C
S31A001020BBA6349807D31090039FDD2F2F9A3D3F0D40F6519F9E4A
S31A001020D01DD2008422F6519F501DD2008419245A014201CA03FF
S31A001020E5D0039009F6519F4F1ED2008405F6519F4B202F2D9A6F
S31A001020FA9B88709A9B71709A3D25400073A1048275204100E87E
S31A0010210F229803E02341ED95F620EDC087F5D2009008A1028452
S31A00102124E42283B223B3A22D9AA2A03FA100B1E70810A612C2CA
S31A00102139017AE60AFEC201B21AA100B1E70820A612C201E60AB7
S31A0010214EFDB260C002B01AA100B1E70840A612C201E60AFBE7FD
S31A001021632804C004B01AA100B2E70820A612C201E60AF7E728C4
S31A0010217808C008B01A9F070175C5FDB260C002B015245A01406C
S31A0010218D02E70810A612C201C5EFE72810C010B015C59F42019C
S31A001021A2C203D2038405E615209804D2028403E61540A6A42137
S31A001021B7DD029FA1722FA00A9A3D3FF61231198EA10219D2010E
S31A001021CC9006D23F842E980EEA81200100E8518C0521A5FF19B5
S31A001021E18E1A409FC820A49100729FAC1AA10482A64A7BE6F4EC
S31A001021F640F651204200E8219C682F2D9A3D3F2400464002C0EA
S31A0010220B01904B9C22D2008441A1028BCA04901B252346241D01
S31A001022200301004444759C7BF612434242409C0660FBF28B985A
S31A0010223523CA08901F252346241D0301024443759C7BF61243A7
S31A0010224A4142409C0660F7F28B980460F3F28B9F80702F2D9A3F
S31A0010225F3F2400464002C04090082198049FA670980724178005
S31A001022746020F1002F9A3D3E3F2107AA9F5E6F2400464002E77A
S31A001022890820A61AE60A01A6A29FC870265A014282C2BFE7A8DD
S31A0010229E40C040B01252826461319FE26F9FDC18A48520F66522
S31A001022B39F0322A10200240046E060028005E612409802C2BF15
S31A001022C8A300209F5F2262019F9E71234B2322452421BA259F3C
S31A001022DDE26E9F032DA48A00FA83900460FBF042A1028DCA04ED
S31A001022F29037C2FBA38D206004F14231198364142142009C65AD
S31A0010230722420009869F267722420009869F2677641421420072
S31A0010231C9C650986200040E950940464109C68A100919383A471
S31A001023319100729FAC1AA10482A64C7DE6F440F661204200E8C8
S31A00102346219C689968A2A03FA62A9F986EA10219D2538C18D2F9
S31A0010235B40886AD2038C06D2028842983CD23E9038D23F8414CB
S31A001023709815D25F8C06D255884E983AD2609054D26190557A5B
S31A001023859896E65A00841862BF9FF36FD200840F3119409FC8AB
S31A0010239A20729FAC1AA4920198773273980522DF026302A6A2E9
S31A001023AF9F2470A62A9867A10092900D729F0221BA528405A4C4
S31A001023C49200982D2242006340A6A29F037099DEA390A0984212
S31A001023D9E65A049420A1001AD0E08436E62AFCA382A062019FE9
S31A001023EE0221E452908426098319409F8919981DE65A01841879
S31A0010240362E19FF36FD200840F3119409FC820729FAC1AA492E7
S31A001024180198026A01A10319A632E622C1D2229403A49200E68E
S31A0010242D5A009008E61380A31A309803A41A019F4C6FA6A22F01
S31A00102442A00A9A3D3FA100919019A49100729FAC1AA10482A6FB
S31A001024574A7BE6F440F651204200E8219C68A10219D20194039F
S31A0010246C321A8ED2238C34D22288D0D20D8C18D20C8896D20712
S31A001024818C0AD2068878D2009060986CD209947A987DD2138C8D
S31A001024960AD2128894D20F947D9882D21594919896D2318C1824
S31A001024ABD23088BED22B8C0AD22A889ED228802C9891D22D94A7
S31A001024C09998A3D23E90BAD23E8C0AD23394A5D23C801498A401
S31A001024D5D25F8C06D24088A8989FD26090ACD26190AF6AFF98BF
S31A001024EAC1098E900A9FA26EA62A31198E98B322DD02729843E5
S31A001024FF24970201009FA26EA62A98A1249702986024DD0298EC
S31A0010251424249702010499E824DD02011899E1A100898483244A
S31A00102529DD02010899D524DD02010A99CE249702010699C72276
S31A0010253EE90262169FB86F99C0249702012099B624BD02010ED1
S31A0010255399AF24404299A8A10089844C24DD02011A999E24DDDE
S31A0010256802011C9997241D0301029990241D03998924294699F7
S31A0010257D84A491010983997F22420062409F9F6F997862019F0F
S31A0010259202219971A10A82A1001AD06084039FAB18E62A04A438
S31A001025A7910198017AA10319A31A309F4C6FA6A22F2D9A3D3FA6
S31A001025BCA62A9FE86FA62BD2009005A319A09803A41A016201DD
S31A001025D19F9571245A01607FF002A6B22F2D9A3F729F656C7209
S31A001025E69FA667319F896B24958062FE5200249180520073B2C3
S31A001025FB929FDC702F9A3D3FF615FC6021FC029F97729FE02521
S31A0010261062029F9E71F65262019FD8712F2D9A3DA2D03FA7026D
S31A00102625F61512C0A66DFC60A66421FC029F9772A6D421FB02D5
S31A0010263A9F97729FE025A41200620A9F9E71F65262019FD871C6
S31A0010264F02C062039FD871AA2FA00D2D9A3F245A016001F103F1
S31A0010266424000C4000D0AA841724080C4000D055840E9F1C716B
S31A00102679D20084079F376CD20090039F1D7224000C62AA520076
S31A0010268E24080C625552009F48729F816E9FAB71A1029EE61205
S31A001026A380A39E203332319F866D9FA32C9FFE009FE0259FE1D4
S31A001026B86C2106009FAC6B2108079FAC6B647F2109009FB56BFC
S31A001026CD24FC02400090076402F6419F977224FB0240009007AC
S31A001026E26402F6419F97729FBA712101002F9A3F2126019F5A53
S31A001026F76ED288900AD2869006D2FC90029C052F9A3F9F4A7105
S31A0010270C99FBA626F621D600840B230A0022FD029C71620A9A65
S31A00102721D6019002729A2304002217039C7162049A3FF624CE81
S31A00102736209007F4E100940E9805F4E1008807F612F6419FA1CA
S31A0010274B722F9A3D3FA62A7BED65ED65200703E825F49240F6CA
S31A00102760519FA1722440420200ED91E9919FA1722F2D9A3D3F87
S31A00102775A1009DC020902B662022804221FD029F6276FB901DB7
S31A0010278AA4950031199325FD02F4925E211B039FA172232000D2
S31A0010279FF6522180429F866D2F2D9A3FA1009DC02090210A93B1
S31A001027B4EA911993200F0EE8529414311993E49295A395202450
S31A001027C90B47E0520080039F73272F9A3FF6144400D4FF9005E7
S31A001027DEB4949F97722F9A3FA1009DC02090092117039FD5274B
S31A001027F39F73272F9A3D3FF625A668E62205B3D3220A009C7B3E
S31A00102808F612E6A8209015207E00E8E19404647F981D4240E948
S31A0010281D09E9E2941A98132081FFE8E18804648098084240E97F
S31A0010283209E9E28805F6519F97722F2D9A3DA2C03FA1009DC059
S31A0010284720909D9F6D02A62C981ABC8CA6CA7BED646620F64245
S31A0010285C20FD02E822209702E82401089F3227E65C0087E16652
S31A001028712022010324970201049F3227762203032497020104DC
S31A001028869F32279FC80166202205039FF8279FC8017622060350
S31A0010289B9FF827A103962464014501A39650A102974403A39707
S31A001028B040B2A2E50B424205A39820B3A3B503A63A72CB0290D8
S31A001028C5039F4E27E6AA01900562019F4E27E6AA0490056202A7
S31A001028DA9F4E27E6AB01900562039F4E272FA00C2D9AA2A03FFC
S31A001028EF9F2E72A62A22200021FD029C6924FD02628052086287
S31A001029047F5209E65A00900CFC609F0672242C031100FC509F30
S31A001029197327A1009EC04090062100409FBA2C2FA00A9AA2A089
S31A0010292E3FA62A24FD02F81E840A6620228042F6419F79726419
S31A00102943032196009C68A1009DC02090269F1C71D20084079FAF
S31A00102958376CD2009005211A03980DE65A0090052118039803BB
S31A0010296D2119039FD5279F73272FA00A9AA1029973E964EC646F
S31A00102982EC64206546E82401009A3D3E3FA705265E0140838436
S31A00102997A6A1029BC27FA39B20243C01010311C3028412C125DB
S31A001029AC5D46457B55C09F7A290279249702F42212E9E2807328
S31A001029C10775241D03010030E8E19406E9E79402F61706C3F467
S31A001029D6CEC121100E44C0759C7BF612F6619C7666089C812557
S31A001029EB5E01E9E79437F49240124042C073E961E961E9C28477
S31A00102A003D245D46F4E637940FE092425242D202840962015295
S31A00102A1543980473534272245E0132120002C312049817755522
S31A00102A2A4231114002C31244980A75558231118002C312847225
S31A00102A3FAD2F2E2D9A3D3FF6159F6D02A624F651759C752F2D13
S31A00102A549A3D3FA1029B9F6873B282A10A997BED65ED65B22A16
S31A00102A69BBDBED64205F46E82401082F2D9A3D3E3FA701A10088
S31A00102A7E9A8403A49A08A1029A52C0A1009BC00F8409A1029BA1
S31A00102A93E61201A39B20A10D9BE60D8042C09F6873A62C9FC850
S31A00102AA801220A009C7B207E00E8E19402627FE65C00840924EE
S31A00102ABD5D4645016480981DE65C068409245D464406657F980A
S31A00102AD21CA6CA7B205D46E8250240E65C028C08245D46E0251C
S31A00102AE707980BE65C039006245D46E0C407E5E0428807E0B89F
S31A00102AFCC058C0980AE5E0529405E069C059C0A10C2EE65C0145
S31A00102B118407A1009BC010901742C0CA619005E61D109816E6F2
S31A00102B265C019007A1009BC020900A48C0E6A8419003E61D204D
S31A00102B3B42C0CA039005A499009815CA149005A49901980CCA02
S31A00102B50089005A499039803A499022497020714A1029BA62ABD
S31A00102B65E60A0FCA018408245D46F4E72C8C0A6A01245D460257
S31A00102B7A2E3198332497020712CA029009245D46032E02309809
S31A00102B8F15CA049009245D46033002329808245D46033222FFB4
S31A00102BA47F245D46423473F634E9C4F641EAE79404BA6A980B99
S31A00102BB9E65C019006E9E78802BABABA1DE6AD31840AA100B0D0
S31A00102BCEC0089003E61D40FC60A39BD049C0A39A90FC50A92FDA
S31A00102BE32E2D9A3D3E3FD2009057A1029BCA308450CA019007F1
S31A00102BF8245D4605289833265D46CA40900405AA98289F552AFF
S31A00102C0DF6154080C001901D6601242946020024210301049F7B
S31A00102C229373F652739FB67305A8EDE18002F615F652211D036D
S31A00102C379FA1729F7A299F442AF612980832211D039FA1723272
S31A00102C4C211F039FA1722F2E2D9A3D3F6406215E019C68253C79
S31A00102C6101245E01014311042F2D9A3FA1003090039FE62BE43E
S31A00102C76802E90129F562CE4A02E841EA1029BC27FA39B2098F9
S31A00102C8B149F8C29D200900DA1029BE61280A39B206201980137
S31A00102CA0722F9A24C043010073C2F8199DFB8409A1029EE61202
S31A00102CB580A39E209A3FA702F613F5439D21FEC0EB0111C0CA4D
S31A00102CCA10900721F8C0EB0111C001C0199D73C2F811C0230208
S31A00102CDF00F68221C0439F866DAA2F9AA1029973E96120B74613
S31A00102CF4E8219AA1029973E96120C046E8219AA4A9009A2497AE
S31A00102D09020112F4C9149AA624E4A02E90063119A119A39AFAD2
S31A00102D1EA7901EE9090BA1E9C31BA124EB46F4E306800E2464E7
S31A00102D330160F3F00460F3F0053119A7FAA5901EEA090AA3E91E
S31A00102D48C21AA324EB46F4E20E800E24640160CFF00460CFF04F
S31A00102D5D05331BA59A3D3E3FA62EF625F63624AE464002B200D8
S31A00102D7290512464014005B20084482497020104F4E182881256
S31A00102D87F840900EA6E273E961246401A620F104982CF4E180A9
S31A00102D9C8C04F8409023F491401140F45184800A246401A6E217
S31A00102DB1E012055205246401A6E273E961B2A2E0020452042F1C
S31A00102DC62E2D9A3FA1009BC001900A23EB4622A70062049808F4
S31A00102DDB23F34622A50062109F622D2F9AA6262464014009841F
S31A00102DF00D400B8409400D840532400F9003220100D30090065D
S31A00102E0563246511980463046501D40084142464014201CA51E9
S31A00102E1A840BE0030384064007C0089006C6FED400841A24642B
S31A00102E2F014201CA068411E00503840C4205CA1484064007C0A1
S31A00102E44049002C6F5A6629A3F9FE82DA624CA0B901E24970273
S31A00102E590304EBB1249946F4E10C8007C4F5E614029808F4E314
S31A00102E6E0E8003E61401A6422F9A3FA7036403F6819C6843C02E
S31A00102E8344C2E4802E840CE6130453C0E6141054C2981AA63242
S31A00102E98E6121052C0E6140454C224AD464000C0029005E6133A
S31A00102EAD1253C0F6822148479FBE77A102A9D2FF9005B292A340
S31A00102EC2A920AB2F9A3D3F2497022517470112F4E1408018012B
S31A00102ED7049C6AF4E142880F099FF45147800462019808E991E3
S31A00102EEC980131199F722F2D9A3DA2C03FA7019F0F69A62CA1C1
S31A00102F0100CDC00190072464016004F10FA1009DC04090506411
S31A00102F1601F6819C682497022517470112F4E14980070104F423
S31A00102F2BE14B880742C0E6120452C09FC72ED200840742C0E6D7
S31A00102F40120852C0A6C3E6AC01900742C0E6121052C0CB02902E
S31A00102F550742C0E6122052C0F6822140479FBE77A92FA00C2D79
S31A00102F6A9A230800F612216C019C719AA102AB900CB282A3ABCE
S31A00102F7F20D2008403A4AA009AF624A104AAB654840EA4AA0073
S31A00102F94F4C9028417A4AB0062019AA100AB8411D400840DF432
S31A00102FA9C9008408A3AA60A4AB04729A729A3FA704242103025C
S31A00102FBE00244042F4420023F2A6EA4313C020CE35E84212C230
S31A00102FD366FEF6829F882FAC2F9AA100AA8406A4AAFFA4AB04B7
S31A00102FE89AFC60243C0121FF7F110421FFFF22FF7F11001202CF
S31A00102FFD313219B51AB7FC509A244C4640058407A102B2C2F72D
S31A001030129806A102B2E61208A3B2209A3F9FE54B24CA01311152
S31A0010302728A4B9039F91436080F3B4244C464000C0029013663B
S31A0010303C0422EC0121E4019F797222EC01F6219F203524294619
S31A001030514209CA0490046002F3B0CA0890046008F3B02F9A3D2B
S31A001030663F24CA01F4902C102C30F4382E102EE092325232E451
S31A0010307BA0B3900621FA019F607425CA014272D2E09434E6228C
S31A001030901F527221D7019F607421CE019F607421E2019F6074EC
S31A001030A501449F804CF6152429460200248045420A739FB67340
S31A001030BAE95580046004F3B12F2D9A3D3E3FA702F61609B50AF4
S31A001030CFB7241027359C7D11C09F0E36F6629C76F521B5F53266
S31A001030E4B719B51AB7241027359C7DF4C9C0AA2F2E2D9A3FA791
S31A001030F9012406424408A1009DE70820A613C301E74840A61202
S31A0010310EC201B352840372981AA642C2FBE73804C004B0125283
S31A00103123C0230100F682210E429F866D6201A92F9A3F6040F37B
S31A00103138B09FF7309F06302F9A3D3E3FA702244C464000C0013E
S31A0010314D90072421030204980524294602002529464246739F12
S31A00103162B673F61602404247739FB673F612EEE18802F662242A
S31A00103177CA010126EAE1801BEAC111262440420100E9A0900E25
S31A0010318CE99111C0230200F682F6419F866D729FA643AA2F2E66
S31A001031A12D9A3D3FF6159FC530F61224CA01010BEDC1110B0153
S31A001031B600EDC111000102EAC111020128EDC11128BB608006BD
S31A001031CB0126EDC1112624CA01F4251A151AF4221C121CA10279
S31A001031E0BACA01900EC2FEA3BA2022EC0121E4019F20359FE5D7
S31A001031F5349F41312F2D9A3FA623A104B38415248701422DB3AD
S31A0010320A52900CD3009003A43200248701532DE4542E905BD41E
S31A0010321F019006D4FF841F98099F054C6040F3B098062187015C
S31A001032349F995F64012187019F375121B5019FB265A1022ED273
S31A00103249019004D2FF84239F06302187019FB251A43200E480F3
S31A0010325E2E840960BFF2B09FD74B98062187019F9165A4B903CC
S31A00103273A1022EA3B3202F9A3DA2C03FA62C9FF730D200901F29
S31A001032886002F3B424CA0121FFFF1130A1009DE70820A614C4F8
S31A0010329D012187019F8152A4B903A6C29FFC31A102B3841EA1BD
S31A001032B20030902C258701446DF6519F1C53E65C00841DF65227
S31A001032C721B5019F07679813D20184059F1B4C980AD2FF8406EE
S31A001032DC2187019FDB64249702010024CA01F4E12A8802112ACF
S31A001032F1245F024004D002840BE4A0B384066080F3B198046047
S31A001033067FF2B19FA841D2009003A4B903244C464002C04090A5
S31A0010331B11E480B3840C7AA100B9D00384056A0198017A9F91F1
S31A0010333043E65A00901F25CA01045C0164E9E48814025A036261
S31A00103345EBE2880CEAC3221027ECC19F2F77117AA102B4CA0C4C
S31A0010335AD00884039F7E40A10030900760FBF2B49FAB3460FD48
S31A0010336FF2B42FA00C2D9A3FA4B90324CA0121FFFF11309F342A
S31A0010338431742187019F8152729FA6439F41589F91439F5D3984
S31A00103399A102B4C2F2E61209A3B4202F9AF614120AEBE2940234
S31A001033AEF632130CB560800132120421FFFF22FF7F11001202EB
S31A001033C33122803F110612089A3D3E3FA702F61512C0A630A646
S31A001033D814A6159C85F616F627F70000F700009C89ACDA009484
S31A001033ED18BB608814F4CDC0F651A630A614A6159C853F3E9C99
S31A001034027FAC980231323A393122803F9C73ACAA2F2E2D9A3D2C
S31A001034173FF615F621024CF4CA4A9FCC33114612482F2D9A3D51
S31A0010342C3FF615F621024A9FCC33114612482F2D9A3FE480AC34
S31A00103441840BF634EAC4F6429F163498039F2B342F9A3FA6246D
S31A00103456FC60A1023173E96420CF02E824010030E8E18C046272
S31A0010346BFF98026201D4008405E452AC9010A3AC2024CA0103FA
S31A0010348022021A21BC019F3D34FC502F9A3FF61430E8E2940405
S31A00103495EBE28007F6419FA63398040104110A2F9A6001F3BA76
S31A001034AA9A9A3D3E3FF615FC6026BC01028A9FA172028CF651AC
S31A001034BFE62204B3D39FA17226CA01029CED91E9919FA1720263
S31A001034D4A4F651E62206B3D39FA172FC502F2E2D9A3FFC60246D
S31A001034E9CA010322021A21BC019F8D34FC50244C464001C0105B
S31A001034FE90082121039FAC349816660422E4012121039F797259
S31A00103513660422EC012125039F79722F9A3D3FF615F624FC607B
S31A001035280300024021BC019FA633A4ACFF62029F5334FC509F19
S31A0010353DE5342F2D9A3D3FF61500483800463801C802CA9C7925
S31A00103552AC3A39F6519F5B7E024CAC0144EA51940212442F2DAE
S31A001035679AA2A03FA70411C012C2A66A729F5334FC6001C00207
S31A0010357CC23A39A6A421BC019F4235FC50ACAC2FA00A9A244C2A
S31A00103591464204D2038C01729A24CA0111349A2116029A24DE72
S31A001035A6450200EAE18802F62124E0450200EAE19402F6219AEA
S31A001035BB3F24CA01011A30E8E18C0331980502229F7E732F9AC9
S31A001035D03FEAB322100E9F2F772F9A3D3F77EB64E9240504232B
S31A001035E5000401089F2F77ED21B3608001312F2D9A3D3FF6141A
S31A001035FA050023000401029F2F77ED21B3608001312F2D9A3D2C
S31A0010360F3F25CA01E0605D800724BE4501009827E4802E841D23
S31A00103624244C464002C0409007017A30E8E18C12240642020F5D
S31A001036392126029FF635980524BD0201082F2D9A3D3FF625231A
S31A0010364E00049F2F77231027F6529F2F772F2D9A3D3E3FA701C9
S31A00103663F6163111829F6D0252C0982AE083C053C0A63E7FEF02
S31A0010367865EE250148A630A614A6159C8503C704C93C3B9C79D7
S31A0010368DAC9DFF7E11480282E922128247C0D70087D0A92F2E95
S31A001036A22D9A3D3FF6159F6D02A62424BE450100759C7B24C13E
S31A001036B745F42100E9E5800C9FBB357324DD45E052008C0263C9
S31A001036CC01A6322F2D9A3DA2C03FA70611C212C424064242081A
S31A001036E1CA03D00284AB6203E76520200C02E8254242B29353C8
S31A001036F642D20084072110271140980B248045E0530D8003739F
S31A0010370B5342044014C003C404C2020001C09F2F77114004C23A
S31A00103720E06001800A6406210C029C687A986522E8039C7BF685
S31A0010373512248045460BA66273E9528C08420CF610EA50944869
S31A0010374A244C464000C00484037A98332480454C0CA6C273E9C9
S31A0010375F528002A66C01C022E8039C7BF61302C4A6C2739F2FFC
S31A001037747704C21100A6C27322E8039C7511406004F3B16A011F
S31A001037896406210C029C6898026A01A6A2AE2FA00C2D9A3D3E60
S31A0010379E3FA70411C2F63640CA90092427470100030298072419
S31A001037B32A02011A031C13C09C7666089C81242A02F615F425A1
S31A001037C81EF661329C86F616F627E64F8001C0A630A614A61523
S31A001037DD9C853A39F661F6729C7FAC9C6FF616F62701C2EDC102
S31A001037F211C2A630A614A6159C853F3E9C79AC9DFF7EED21AC5B
S31A001038072F2E2D9A3DA2C03FA70611C212C49F6D02A62C21003D
S31A0010381C8011C0982ABC8CA6C624CA0102002116029FE747F6CD
S31A0010383115A6C602C401C29FE747F652E9C2F4E2C0940719ADAB
S31A00103846A3AFC012C0E65C0087D1AE2FA00C2D9A3D3E3FA70B1D
S31A0010385B11C312C513C7640401D19C689F6D0252C0986FE082F6
S31A00103870C052C0A62602C501C39FE747F61543C053C17454C28B
S31A0010388502C7F6519F1C47F466C104D1EE2414C9110404D1023B
S31A0010389A00E92212007746C002C7F6519F084AF61504C9110877
S31A001038AF49D3E659009018205F02E82601809FA43523E803F65F
S31A001038C412F6519F2F7705C91148F464C1F424D105D10042F406
S31A001038D9200810424BC0E65B00878AA50B2F2E2D9AA2B03E3F4A
S31A001038EEA70E11C612C813CA9F6D02A62B3111C236983FBB8B36
S31A00103903A6B602C801C69FE74711C002CA9F1C47F421C211C296
S31A001039185BCC7353CDF464CC205F02E82401009FA43511C47754
S31A0010392DA6B602CA01C09F084A23E80302C49F2F77E926E65B2C
S31A001039420087BC240042F42604F4260201C204D311001602A50F
S31A001039570E2F2EA00B9A3FF72602249702030024CA0102002165
S31A0010396C16029FEA38AA2F9A3DA2C03FA704A63CD200840924F6
S31A001039810642010F0211986CD201840874F6819FC458986CD2D1
S31A00103996028412259702024201449FD27311C2024412C098566A
S31A001039ABD2038410259702024201469FD27311C201469827D2B0
S31A001039C0048417242946010022FBFF9C7B11C0010222FBFF9CEA
S31A001039D57B11C29827D205840C3212C224CA01013411C09817A9
S31A001039EAD206840D244C460106020811C012C2980674F6819FB5
S31A001039FF9558E65C00900401C2980201C0AC2FA00C2D9A3D3FF2
S31A00103A14F61524BE450100114624C34503001348D500900824E2
S31A00103A29E645F42100980AD400900F244A02F4210C1146244CC5
S31A00103A3E464204980B240642F4211311469F8F35A100B2E7089E
S31A00103A5320A613C3019F7439114425CA01242A02016A111E2F01
S31A00103A682D9A3D3E3FA70AF615F6240204B56088033198D2A1FA
S31A00103A7D00B2C00890C4014211C830E8E194B10340A670A618DF
S31A00103A92A61913C414C69C769C85F615F62601C402C63A39013E
S31A00103AA7C802CA9C78AC9C853A39F651F6629C7FACF71C42F75A
S31A00103ABC00409C79ACF615F626F780BFF700009C89ACDA00944B
S31A00103AD179F7803FF70000F651F6629C72AC9C6E11C012C26636
S31A00103AE60901C402C69C809C85F615F62601C8A630A614A615A7
S31A00103AFB9C853A39F651F6629C7FACF615F62602C003C23B3A83
S31A00103B103122803F9C73AC3A39F651F6629C79ACF615F626F7CC
S31A00103B25FF46F700FE9C89ACDA00881AF651F662E645809DFF08
S31A00103B3A7E981103402110279F2F779807F6219803210180A5C1
S31A00103B4F0A2F2E2D9A3D3E3FA73B11F312F513F76409F6819CEC
S31A00103B6468240642020424C5454200739FC97311E104F30400B1
S31A00103B7914E349F8A290F681E6220AB3D33903F802E606F6018F
S31A00103B8E8A9F563825CA0144FA01709F5949F617AB4DF7E65D36
S31A00103BA3008434E4A0B3842FE96111C5496C476D486E466F322F
S31A00103BB8B6558C18B655841AB8548C10B8548412B7538C08B7EB
S31A00103BCD53840AB9529406A692A67311C502C5EF61F610EA50C9
S31A00103BE29432F621329C86F615F626E64D80F671329C863A397F
S31A00103BF7F651F6629C7FAC9C6F3A393122803F9C73AC3A39F689
S31A00103C0C81E6220DB3D39F5E36AC2400420102F421CBF4210430
S31A00103C2111DD11CB02F3F681E62209B3D39F6A3A11ED200180C9
S31A00103C36E9C084039B3C3F04F30100F4E10280039B3C3F9F6DA9
S31A00103C4B02A62A3616E921FF7F11E7F686200900E8269819BA92
S31A00103C608AA6A602EDF6619FDB3502E7E9E2940211E704E9E956
S31A00103C752414E9E65A0087E201E906F3F4E1868C039B3C3F2453
S31A00103C8A4C464301C30253F2D300900A02E7F4E2888C039B3C15
S31A00103C9F3F04F514DB7959EF4CEFE65C00846B24C14504001464
S31A00103CB4D79F6D0226BE45078024CC45440043C0B3548C0468D5
S31A00103CC9019803E5C83406F30582F4CDE37302D79C75F672E981
S31A00103CDE2201E9EAE18010F65102E19C7B58F97454FAF451F9C2
S31A00103CF3802458F07555F1ED81F421F002F09C7B11E130E8E198
S31A00103D088C0B680158EF26010016E198046D015DEF01E1F421DE
S31A00103D1DE311DF04F3010206DFE9E6940211DF01DFF4C9E311E3
S31A00103D32E1E092C052C002ED01E19FD03511D902ED01DD9F492D
S31A00103D4736244100F680E8244900A29003DAF61201DC9F9C3785
S31A00103D5C11D64CF9A2C0210B00F680E8213903D902E304F7010D
S31A00103D710A9F563844FB26CA0101B09F5949F61702C9E961AC00
S31A00103D86F610EA509435F422D9F621329C86F615F626E64D80D5
S31A00103D9BF671329C863A39F651F6629C7FAC9C6F3A3931228018
S31A00103DB03F9C73AC3A39F681E6220DB3D39F5E36AC2400420123
S31A00103DC502F421CBF4210411CB02F3F681E62209B3D39F6A3AB6
S31A00103DDA11EB9F6D02A62C3521FF7F11E5981ABC8CA6C602EBC5
S31A00103DEFF681E62209B3D39FDB3502E5E9E2940211E5E925E6BA
S31A00103E045C0087E1F653F4CBE913C7200180F4C8EB901E01E924
S31A00103E19EDC1B3608002E9B120FF07E8E18C0DE961E961E9613B
S31A00103E2EE961F4E1E9941945EFD500841304E1200100E8E494AE
S31A00103E430AE57990B8E814E19BAE3C02C5F4A1D9E95294072611
S31A00103E58FFFF16C59805F422D912C5200180F4C8EB840B06E343
S31A00103E6D04F3F4CE001602986904F30106E9E58C1C02E1F4C944
S31A00103E82E99F2F77F61206E3E92604F3F4CE00160206E9F4260D
S31A00103E970698304DF2E65D00904104F3010806E5E9E68C37F66C
S31A00103EAC63F4CBE702E1F4C9E79F2F77F61201E3EA2104F3F434
S31A00103EC1C900110206E7F42608F661E57330B2E29C7603C1049E
S31A00103ED6C3E923EA3413C114C37C984AE573B0BAE202E9E575E2
S31A00103EEB50B4E4EA2102E19C7603C104C3E923EA3413C114C364
S31A00103F0004F3010206DFE9E68009F4C90011026C01981901CBA5
S31A00103F1511DD02EB12ED15E904E514E706DF16E301D511DB9B8A
S31A00103F2AA73C01C102C3241027359C7D04F3110498093106F382
S31A00103F3F118411826C01A6C2A53B2F2E2D9A3FEBC29F38482F1C
S31A00103F549A3D3E3FA70311C1F6269F6D0225FF7F981E0380EE7E
S31A00103F6996EE9604C10100EC92EA9212C12200409F4D3FE9E525
S31A00103F7E9402F61542C0B28555C0D20087DAF651AB2F2E2D9AE0
S31A00103F933D3E3FA70511C312C19F6D0226060225FF7F98220459
S31A00103FA8C30100EC92EA9212C304C10300028E9F4D3FE9E59476
S31A00103FBD02F615F491C1E99111C142C0B28353C0EE96EE96D216
S31A00103FD20087D2F651AD2F2E2D9A3D3E3FA7073111C424970228
S31A00103FE7010011C23111C09F6D0252C6262202980F0180EE96BD
S31A00103FFCEE9602C29F1C47E92515C043C6B38252C605C0D3007F
S31A0010401187E59F6D02A624F651759C7B11C07353C6F6819FAD4D
S31A0010402647AF2F2E2D9A3D3E3FA70A11C756C912C224064201B2
S31A0010403B0D11C49F6D0252C626E845982CB282A62A7BED64204B
S31A001040500642E824020912C045C9D5009008028112C4028312A9
S31A00104065C052C6F6819FAD47ED64F424C7110042C687D0A50AFF
S31A0010407A2F2E2D9A3D3FA714660122A60BF6819F2C40F680107E
S31A0010408FD23111C8F6822106429F553F11CA220001F681E62299
S31A001040A408B3D39F123A24E845252946A100B2C008900A460098
S31A001040B977220A0001429808460077220A0001409F2F77E9B14D
S31A001040CE11CC242A0221A60B111E6201A22023010022A60BF687
S31A001040E381E62209B3D39F543B01CB11C501CD11C76604F68242
S31A001040F8E62405B5D52100029F797260F7F2B4A9A5142F2D9A02
S31A0010410DA2A03FA70CE4802E8405E460B48007A100B4C001841F
S31A001041220C7624970202002122029F2C4032F6819F123A21220A
S31A001041370211CA3212C0F6122106429F933F11C2B36088037AAF
S31A0010414C980B24160214CAE9B111C26A0172A22023010124979F
S31A00104161020200F684EC919F543BA9D2008409244C464002C04A
S31A0010417602840660BFF2B4980B6040F3B402C201CA9F0B380171
S31A0010418BC424CA01112002C2121EE65A009008E9B11120EAB1F3
S31A001041A0111EA50C2FA00A9A3F2497020100F5C1BB9C6A742495
S31A001041B5E445F4E10094026401A6422F9A3D3E3FA704F613FBCC
S31A001041CA840F244C46010A24CA01F4211AB3608880264C46F491
S31A001041DFCB8A13C0F4CA8C12C26604F68221E4019F797225CA0E
S31A001041F401A100B4C0408414015EF421C0F4214011C00160F403
S31A0010420921C2F42142982A9F6D02A6242122029F3A76F6130A0F
S31A0010421EAD24064201049F4D3F11C0035E02609F2F7702C0F49D
S31A00104233CA8A12C0F4C98C11C2E060C180033111C0E060C38015
S31A00104248033111C26604F68221EC019F797262019F5334A1029E
S31A0010425DB4CA028412A1002E8409244C464001C0088404CA01B2
S31A00104272840922EC0121E4019F2035AC2F2E2D9A3D3FA704256F
S31A001042879702014224BE45F4E1009413244C464001C002902F15
S31A0010429C015424C345F4E1008C25254A02425424C045E052008E
S31A001042B18807B29252547298176404F6819C6801C002C29FC27F
S31A001042C64162019806244A02725214AC2F2D9A3D3FA70C60040E
S31A001042DBF3B4249702010019BBE4A0B3900331981A7324CA0170
S31A001042F0422CE0122DE0122EE0122FD20084026301E64301A649
S31A001043053275A624F6819F123A24160214CAF6422106429F550B
S31A0010431A3F11C225CA01014011C072A2202300010ABBF684ECE1
S31A0010432F919F543B02C3A930E8E29408F4224001CA9F0B38A1FC
S31A0010434406AF24CA0102002116029FE7470AAD900DEAE19409E6
S31A00104359244C464002C002840605C203C49816F6132406420143
S31A0010436E049F4D3FF61524BE4502009FD273F613F632F6519FC6
S31A00104383C24124CA016201520AA50C2F2D9A3FA102B9900DD2AD
S31A001043980384039F0D419FD542A4B9002F9A3D3E3FA702A6237B
S31A001043AD7252C02406424208CA03D0029004620152C0D30090A0
S31A001043C2159F2D49252747D200900744457252C0989D44469846
S31A001043D799252747424852C124CA010118323A3942C5739C78B7
S31A001043ECACF616F627F70000F7800C424773329C78ACF613F66A
S31A0010440124F661F672F645F6349C7ED500840CD4008408D30096
S31A001044168404D26494046C649802A62C23640044C1752506427B
S31A0010442B2440420100F4C9469F9277A6CA7BED51940D206400C6
S31A00104440E85194046C649802A62C42C0D200840A242747A6C4E6
S31A00104455E0240598172527472406424208CA03D0018407A6C4A8
S31A0010446AE0244698024444A102B0244C46E054108005E6128071
S31A0010447F9802C27FA3B0202129039F977242C0AA2F2E2D9AA25D
S31A00104494A03FA62AA624212A039F9772249702011224294645E6
S31A001044A908DD008805E05A22940CCD20900E242946F4E11F8CDC
S31A001044BE0660F7F2B0981CCD409008242946E05A21880CCD101C
S31A001044D3900C242946F4E11D80046008F3B0242946440ADC0051
S31A001044E88805E05A16940CCC20900E242946F4E1138C0660FD38
S31A001044FDF2B0981CCC409008242946E05A15880CCC10900C2488
S31A001045122946F4E11180046002F3B02497020114CD089008243D
S31A001045272946E05A1C880CCD02900E242946F4E119800660FB41
S31A0010453CF2B0981CCD049008242946E05A1B940CCD01900C247F
S31A001045512946F4E1178C046004F3B0CC089008242946E05A1004
S31A00104566880CCC02900E242946F4E10D800660FEF2B0981CCCAF
S31A0010457B049008242946E05A0F940CCC01900C242946F4E10B21
S31A001045908C046001F3B02FA00A9A3D3F24CA01252946D2009098
S31A001045A50601380242980401360240FB900B9F7E73A624212B17
S31A001045BA039F97722F2D9A3D3E3FF626D200842C230C0022E4A8
S31A001045CF01F6619C7109BB118C24CA01012A118E230400225F9A
S31A001045E402F661E62210B3D39C71230400221E02984CD2018404
S31A001045F95525CA0143735380240642420852812406024300537E
S31A0010460E8242035283016C026E118666109C82118823040022FB
S31A001046231602F661E6220AB3D39C71230600F652F661E6220E7A
S31A00104638B3D39C71230400222202F661E62214B3D39C716218D7
S31A0010464D9879D202844A230400220642F6619C71230400221A37
S31A0010466202F661E62204B3D39C7123040022D501F661E62208AF
S31A00104677B3D39C71230400224402F661E6220CB3D39C712304D1
S31A0010468C00221202F661E62210B3D39C716214982BD203840732
S31A001046A1F6219FC2659820D204840E230400220002F6619C7142
S31A001046B66204980ED2059003729807F6219FAC3462082F2E2DC8
S31A001046CB9A3D3EA70211C0F6140100840374980920FF3FE8E167
S31A001046E09405642735980D2227009C76F615660E9C81A62421CF
S31A001046F5FF3FED0104C01100A642AA2E2D9A742480450123246D
S31A0010470AD244F42100249702F4E1148C026401A6429A3D3E3F84
S31A0010471FA704F62511C0F6819FCC46A62E7FEF6602C0F66120CF
S31A001047348244E8219F474811C202C0F66120D644E8219F474800
S31A00104749F6522054F5E8229C76660F200040E82130E8329C8133
S31A0010475EF421C2AC2F2E2D9A3D3E3FA704F616F62502429F1CFE
S31A001047734711C0670146460242F6619F084A11C20244F6819F54
S31A00104788F635F612014430E8E1941303C024DB450400F621EBE1
S31A0010479DC1ECE19404F642EB22F621AC2F2E2D9A3D3E3FF616D9
S31A001047B20580F612319F6647E9E580033198220580F662210098
S31A001047C7409F6647E9E58C05210040980F3E0080382300403249
S31A001047DC2166479F6D74AC2F2E2D9A3D3FF627A66475EA64F638
S31A001047F115EC250540200642E8240200F6719F1F48ED21B3602E
S31A001048068001312F2D9A3F66202262452180449C642F9A2480FF
S31A0010481B4401009A3DF625660EA630A614A6159C80F654A690E0
S31A00104830A61AA61B9C7D2D9A9C76660E200020E82130E8329C47
S31A00104845819A3D3FF61405000102EDC19F3848ED212F2D9A735B
S31A0010485AE961E961E961E961E961E961200041E8219A3F9F593C
S31A0010486F48F6144000D0559005208000E824F6412F9A3D3E3F6C
S31A00104884A70211C0F6140100840374980920FF3FE8E1940564C4
S31A001048990E35983720C631E8E18C0C2209009C76F615F6267E88
S31A001048AE9819223F009C7666012007C0E82120F3FFE8329C811B
S31A001048C3F615F6266E07660EF651F6629C81E5242E21FF3FED7B
S31A001048D80104C01100A642AA2F2E2D9A7520A60BE8E19408EA94
S31A001048ED61202645E8219AEA61204445E8219A3D3FD2078C0990
S31A00104902220900739F1F48981F73E622F9B3C3660EA630A61441
S31A00104917A6159C8066019C80243F00359C7D20C731E8212F2DED
S31A0010492C9AA2A03F9F6D02A62A9817BA8AA6A29F5948F61440A2
S31A0010494100D0558408E0A0018403729807E65A0087E462012F44
S31A00104956A00A9A3D3E3FA70A11C4A64D24C6450500244C464293
S31A0010496B02CA20840335986ADA0088669F6D02A62C313211C09B
S31A0010498012C2982BBC8CA6CE7FEF64EC64206402E82402000300
S31A001049950212C613C83B3A01C402C69C89ACDA00880803C60438
S31A001049AAC813C014C2E65C0087D0F651329C8603C004C23C3B3D
S31A001049BF9C79AC9D027F24CA450500ED518C0F24C8450200F6B4
S31A001049D415F620E9509402F625E65D008407F455C4940205C469
S31A001049E9F651A50A2F2E2D9A3F205AF4E8219C769C85F78037F2
S31A001049FEF700009C79AC9C6F2F9A3D3E3FA70711C012C456C6D7
S31A00104A13A67AF6819F8148A62CD200840AE65A0084053111C07C
S31A00104A286C0142C69F6C48A6CA7BED95ED6502C0ED219F4748DE
S31A00104A3D11C2A6C401C49FE44802C09F4748F61201C49FF149EB
S31A00104A52F616F6274AC67BED64EC64206402E82411001202012C
S31A00104A67C2A630A614A6159C853F3E9C79AC9DFF7EAF2F2E2D65
S31A00104A7C9A3FF6232200049F2F772F9A3D3E3FA70711C012C2DC
S31A00104A9113C4F930840521010011C4E098CD9819A68C7DEE6582
S31A00104AA6F425C003C402C2014058C69F2F77114048C6B898E648
S31A00104ABB580E97E2AF2F2E2D9A3D3E3FA70711C012C249CD13E8
S31A00104AD0C4F930840521010011C4258045E05952941B981EB9BB
S31A00104AE589A69C7DEE65F425C003C402C2014059C69F2F7711F1
S31A00104AFA4049C6E6590087E2AF2F2E2D9A3D3E3FA703F6165403
S31A00104B0FC2A6429F5948F6154040D0558422404190156255520C
S31A00104B2481528042C29F5948232000F6629F866D983E11C020DB
S31A00104B398000E8259807E62280B3D311C0F6519F296D661EEE58
S31A00104B4E92EA92ED91E9919F456D735381625552806602F66255
S31A00104B63F6519F456D7353806602F66201C09F456DA100B2E73D
S31A00104B780840A613C301E64301A102B2C2FBE73804C004B01268
S31A00104B8DA3B220AB2F2E2D9A3D3FA702A62B625552C05BC19F3F
S31A00104BA26D02A62A9826BA8AA6A29F5948F6144201BB5290171E
S31A00104BB74000D0558411D2559004D20584096602F682F6419F04
S31A00104BCC456DE65A0087D5AA2F2D9A24CA013132112C122E60A1
S31A00104BE110F3B09A3FA7062497020108020A11C012C2020412E1
S31A00104BF6C4230600F682210F429F866DAE2F9A3FA432009F03FD
S31A00104C0B47D2008409A102B2E61210A3B2202F9A3D3FA10030F0
S31A00104C2090069FAF669F5D3924970205109F6D027324C145026B
S31A00104C35009C7524BE45F42100E9E5940E9FBB3524DD45E05290
S31A00104C4A0094039FD0562F2D9A3DA2C0F6157C2429460100A68D
S31A00104C5F30A614A6153A39248045423B73329C78AC66089C81BC
S31A00104C74E9E580026C01A6C2A00C2D9A3D3E2446444401753367
S31A00104C893B3A329C78AC9C85240040000C38000A389C79ACF7D6
S31A00104C9EE031F76BF89C79ACF615F626F7FF46F700FE9C89AC96
S31A00104CB3DA00800521FF7F9807F651F6629DFF7E2E2D9A3DA2AC
S31A00104CC8D03FA70411C2A642A65AA66D220040739FB67311C0CB
S31A00104CDD7BED64200602E82401C2F4C914E65D0084029C6A74D5
S31A00104CF2F4E1C094026401A642AC2FA00D2D9A3D3E3FA702115C
S31A00104D07C0A64D9F6D02A62C9818BC8CA6CA7BED64F424C0766C
S31A00104D1CA6C5A6D401009FC64CD2009007E65C0087E36201AAB3
S31A00104D312F2E2D9A3D3E3FA71111CD9F6D0252CA21FF7F9890F2
S31A00104D46E083CA53CA2406424008C003906853CB7959CCF46475
S31A00104D5BCBF645200642E825014011C6F424CD0500242946021B
S31A00104D7000248045423C739FB673F616242946020024804542AA
S31A00104D853D739FB67330E8E5942202C6EE22EAE58C0A02C6EEE5
S31A00104D9AC2EDE28802F652F625E9E29402F615F464CBF424CDFC
S31A00104DAF1500F651F4C9C69C6AEEE18CDC49CA59CF7A5AD0F4EA
S31A00104DC464CFF424CD010030E8E194C802C8E9E2940211C8450D
S31A00104DD9CAD500876898BF04CD4208C2FCE61201520898780589
S31A00104DEECD4348C3FCE6130253482406424208CA03D00284070D
S31A00104E03A632E6120852482406424008C00884529F6D02A62DDF
S31A00104E18A62C313211C212C49827BC8CA6C29F6C482480454A9C
S31A00104E2D137BED92EA64E9240100A630A614A61503C204C4E930
S31A00104E4223EA3413C214C4E65C0087D401C202C4A6D879359C69
S31A00104E577D11C0230200F6822100429F866D24CA01351518609F
S31A00104E6CFBF2B123090002CD2106429F866DE4B3B2C301E64351
S31A00104E8101A102B2C2FDB360C002B012A3B2206008F3B4620173
S31A00104E96980172A5112F2E2D9A729F954B244042010005CD1191
S31A00104EAB4602C8124462019FA643D200872799323D3E3FA706D9
S31A00104EC0F616A64AD500906124CA01010B9C6A11C4313211C0FB
S31A00104ED512C27BED64200642E824010011C1F662E9C2F6219C15
S31A00104EEA6AF61502C1248045423A739FB673E9558C2C01C49F6B
S31A00104EFF534CD200902303C42429460200248045423B739F2F61
S31A00104F147720FF00E8518C0CF613F662F6819C6B06C198013696
S31A00104F29F661AE2F2E2D9A3D3FF615405D9016640D21D5019C66
S31A00104F3E68230400F652E62424B5D5211A029C712F2D9A3D3EFE
S31A00104F533FA71311CDF614401D90F1A100B1C00890EA26CA01EF
S31A00104F68018D9F804CF61524294602002480454239739FC973D3
S31A00104F7DE9C588CE018B9C6A11C92406424008C003901C2480D2
S31A00104F9245443701CDE62224B3D39F014DD20090A501C99F5304
S31A00104FA74CD200909C60F7F2B12406424008C0038413248045A4
S31A00104FBC443801CDE62224B3D39F014DD200908324CA01010DFF
S31A00104FD19F804CF61502C92480454239739FC973E9C5886A23FF
S31A00104FE60900220642F6819C719F6D02A62C9840BC8C2406423D
S31A00104FFB4D08E60D035CCB7959CCF465CB01CDED2111CFF65451
S31A00105010200602E82414D1F614012404D1F4C9149C6AF6120178
S31A00105025C99F1F48A6D5A6C49FBB4EF680E8251140E65C008767
S31A0010503ABBF6819F354DD2009004620198087204CD521D980144
S31A0010504F72A5132F2E2D9A3D3E3FA70211C0F6260582F61415F2
S31A00105064294A867BF6219FAD47ED64F424C011244A86ED640183
S31A00105079C0EC2111C0200602E824F6150564150CAA2F2E2D9AD7
S31A0010508E3D3E3FA70FF616230400229F02F6819C7123040022C4
S31A001050A3AD02F681E62204B3D39C71249702010011CA9F6D0276
S31A001050B852CE9821B282A62A7BED64F680E824020012C80204C0
S31A001050CD12CC52CEF682E62408B5D5F6619F565042CE87DBA5F3
S31A001050E20F2F2E2D9A3D3FA100B1C01090419F6D0224D44407B0
S31A001050F70024D24405009816B282A62475EA64209702E8240318
S31A0010510C08EFE39404EDE3801CD20087E69FC801258045F4E134
S31A001051215F8C0D9FC80174F4E16180056401980174A6422F2D1E
S31A001051369AA2A03E3FF616A64A642D9C68E65A00901E24CA0187
S31A0010514B3132112C122EA100B1E70810A612C20152A160DFF269
S31A00105160B19FE750529D6010F3B060DFF2B42F2EA00A9A3F23B3
S31A001051750400F612E62424B5D52116029C71640B21CA019C68A6
S31A0010518A6020F3B464062106029C68245F024004D002840462B7
S31A0010519F0152049FC80124E245F4E10094039FD0562F9AA2A09F
S31A001051B43E3FA709F61640A38487E460B48082244C464002C0F7
S31A001051C9089079249702010011C2240642010D11C49F6D02526A
S31A001051DEC6983053C77353C8F464C7200642E824010911C0F60C
S31A001051F382F6619F56504AC6A6A624CA0102282122029FE747EC
S31A00105208A6A475EA64EE24112442C6B28353C6D20087C623048B
S31A0010521D00F662E62424B5D52112029C71244C464002C01090BC
S31A0010523207F6619F514F980379599D620152A360FBF2B1607F75
S31A00105247F2B440A39029F6619F7351409D90046008F3B1F6616C
S31A0010525C9F304F9FE92F240C474000C008900521160298032149
S31A0010527112029FCD6560FEF2B1A5092F2EA00A9A3D3E3FA7017B
S31A00105286F61654C025970224CA010140112A250642242A0201F6
S31A0010529B550257111A121C4048C0049010A102B1E6121043C096
S31A001052B0D3009009C2FB9808A102B1C2EFE61204A3B12074F62B
S31A001052C5619F375144C0549D2406424208CA0BD00A8413D40071
S31A001052DA900C9FE750D2009005210100980131529DF6619F8E71
S31A001052EF50650155A324CA015517F6619F304FF6619FB2519F7E
S31A00105304D056245F027252046401F6619F37516008F3B4A92F41
S31A001053192E2D9A3D3E3FA71D11D254D424CA01012C022E11CDC1
S31A0010532E12CF248045010332E055D08419E054CF8C70E054CFB0
S31A00105343840FE053CE8C66E053CE8405E052CD8C5C9F0347A1BE
S31A0010535800B2C010903AD2008436244C464000C008902D24D9DA
S31A0010536D450100220A009C77E055D08C36E055D08419E054CF24
S31A001053828C2CE054CF840FE053CE8C22E053CE8405E052CD8CEE
S31A0010539718A102B2C2EFA3B22004D2402390039B255660EFF235
S31A001053ACB09B2556769BC4559F6D029837A6C677EB65ED65F490
S31A001053C125D2EB64209702E8240108A630A614A615F4214CF40D
S31A001053D63A4E114C124E0116A630A614A615F42154F43A561107
S31A001053EB541256A6C2B28CD20087C35CC604D2F4911F111F2528
S31A001054008045F4C95885549F6D0252C669019847A63677EB65BC
S31A00105415ED65F425D2EB91E964EC64F424D2014C024EF4C900D2
S31A0010542AF4D20213DB9F5F732480454A1E7B36E5E0D58C18BD33
S31A0010543F558417BC548C10BC54840FBB538C08BB538407BA52BC
S31A0010545494037959D142C6B28353C6D20087AD42D1D20090061C
S31A0010546904D2401C840F01CD04D2F4C902248045F4511A809494
S31A0010547E249702010011C27204D252219FE75004D2521D01CDCE
S31A0010549311029F6D0252C622FF7F12CB24008014C9985153C7B4
S31A001054A87959C8F461C7E96102D2E92212D5248045041814D723
S31A001054BD3111D9F624010C020E04D705D99C7DF61611C004D5EA
S31A001054D20114021604D705D99C7D11C4F66102CBEEE29402163B
S31A001054E7CB04C9E9E4880211C9F68201D29F565042C6B28353B1
S31A001054FCC6D20087A501C9F4C9CB04D2112B6201522843CD531D
S31A001055112242D104D2521CF645200C00E825230800F65201D23C
S31A00105526E62204B3D39C716410F6519C683104D2111F98210408
S31A0010553BD24023901B01CD110273531C641001D2E6220CB3D3C1
S31A001055509C683104D2111F60DFF2B404D24028904C42CDE0C245
S31A0010556522248045E05225803F7204D252286301532301D29FEC
S31A0010557A514FD200840604D2401E90187204D2521EA4B9030115
S31A0010558FD29F7351244C46E0600180039FA634A102B1C2FBE6D2
S31A001055A41201A3B1206010F3B001CD04D2F4C902248045F451B1
S31A001055B91C800460EFF2B004D2462101CD04D2F4C900248045AF
S31A001055CEF45105800E01CD04D211006301531E60EFF2B024CD6E
S31A001055E345010032E055D08419E054CF8C1EE054CF840FE0530D
S31A001055F8CE8C14E053CE8405E052CD8C0A25970224CA0102400C
S31A0010560D122A45D4D500900AD60090066020F3B1980E60DFF247
S31A00105622B19808A1003287109BB453A51D2F2E2D9A3DA100300C
S31A001056379044254A022497020104A630A614A615F42140F43A73
S31A0010564C4211401242011EA630A614A615F42144F43A461144C0
S31A00105661124602060150EAE1940212502497020220244A02015A
S31A0010567612EAE1940212122D9A3D3E3FA702F615F62613C0F658
S31A0010568B340700F671A630A614A6159C853A39F651F6629C89AF
S31A001056A0ACDA008C2404C00702F671A630A614A6159C853A3996
S31A001056B5F651F6629C89ACDA008009F651F6629DFF7EF617F63B
S31A001056CA71AA2F2E2D9A3F9F6D029811B282A62475EA64205F40
S31A001056DF02E82423E8031300245F02D20087E8E0800484037749
S31A001056F457042F9A3F9F6D022406026401980C4001840174208B
S31A001057090300E824A632B283D20087EEA6422F9AA2A03F9F6DD4
S31A0010571E02A62A2497020110A6A4759C7BF6179821BA8AA6A496
S31A0010573375EA61F61420BD02E824F673F4CB00F614204A02E810
S31A0010574824F4E30894021308E65A0087DA2FA00A9A3D3F9F6DE6
S31A0010575D02A6276E7F9819B787A672732203009C75F614200685
S31A0010577202E8244200B25E9402A62ED70087E325CA01E05E7360
S31A001057879436248045020033426FB752802AB752841A426EB69E
S31A0010579C528020B6528410426DB5528016B5528406426CB452C3
S31A001057B1800C24CA015E33244A026004F10F244A02420FCA0C56
S31A001057C6D0049003729806C2FB520F62012F2D9A3D3F9F6D0240
S31A001057DBA62631980FB686A66475EA64204A02E824F42108D68B
S31A001057F00087EDB360800131254A024E4E900D044CECC1A6E424
S31A00105805759C7BE924144C254A02BE92524E24E6450200B560B8
S31A0010581A8808014CEAE18802124C9F6D029811B282A62475EABF
S31A0010582F64204A02E8242301801308D20087EB2F2D9A3DA2C0DA
S31A001058443FA7209F6D02A62C983BBC8CA6C29F5948F615434101
S31A001058594040D055842AB382D2FD8C24D3059020232000F6520A
S31A0010586EE62480B5D5F6819C7162FF52C1625552C0232000F601
S31A0010588382F6519F866DE65C0087C0A5202FA00C2D9A3DF61567
S31A0010589824CA01422CE0122DE0122EE0122FD2009009D4008465
S31A001058AD0AE4A02E9005221F429803225A02230400F6519C7168
S31A001058C22D9A3D3E3FA702F61624CA014E2C4F2D422E52C042DC
S31A001058D72F52C1E512FEE012C0E012C1D200902DD4008405E43A
S31A001058ECA02E8424244A0201040206A6E8A6F905C09C7D118200
S31A00105901244A0201000202A6E8A6F905C09C7D1180980A2304A1
S31A0010591600221542F6619C71AA2F2E2D9A3D3E3FA708252A0201
S31A0010592B005038004E38014602489C73AC3A399C79ACF616F6C1
S31A0010594027F78040F70000014A024C9C79AC034A044C3C3B9C5D
S31A0010595579AC3A39F661F6729C72AC9C6E11C012C200503800DF
S31A0010596A4E38014602489C72ACF615F6267E01C002C23A39F6AE
S31A0010597F51F6629C72AC11C412C602C003C23B3AF651F6629CB6
S31A0010599473ACF615F62624CF450100A630A614A6159C853A398A
S31A001059A9F651F6629C79AC3A3901C802CA9C89ACDA0088026EC8
S31A001059BE01A6E2A82F2E2D9A3D3E3FA71C9F2359D20091262424
S31A001059D32A020106020811D812DA010E021011CC12CE010A02AC
S31A001059E80C11C812CA01CC02CE3A3901DC02DE9C79ACF615F644
S31A001059FD2602C803CA3B3A01CC02CE9C79AC3A39F651F6629C41
S31A00105A1273AC11D012D2242A020312041413C414C6242A020106
S31A00105A2716021811C012C23A3901DC02DE9C79ACF615F6260166
S31A00105A3CC402C63A3901CC02CE9C79AC3A39F651F6629C73AC15
S31A00105A5103D004D23C3B9C7FAC11D412D6F70000F7000001D8AF
S31A00105A6602DA9C89ACDA009489F7803FF7000001D802DA9C89EA
S31A00105A7BACDA00887801C402C63A3901D002D29C79ACF615F613
S31A00105A902602C003C23B3A01CC02CE9C79AC3A39F651F6629CBD
S31A00105AA573AC03D004D23C3B9C7FACF615F62601D402D63A3989
S31A00105ABA3122803F9C73AC3A39F651F6629C7FACF78043F7006A
S31A00105ACF009C79AC23D1459F7F56242A02111A01D402D69C700A
S31A00105AE43A39312261C39C7FAC23D5459F7F56242A02111CA513
S31A00105AF91C2F2E2D9A3FA70E9FF856D20090336401F6819FC48D
S31A00105B0E58244A02010C11C49FC659242A02011A021C11C61292
S31A00105B23C86401F681E6220AB3D39F9558230E00F6822115426E
S31A00105B389F866DA50E2F9A3DA2C03FA62CD20E940374981BA640
S31A00105B4D3624CA0102002116029FE747F615A6C29FFC4874E94D
S31A00105B62E580026401A6422FA00C2D9A3D3E3FA703F61612C080
S31A00105B7756C26203E72560200602E825D7009014244C46400272
S31A00105B8CC00484162406424208CA03D002840B43C242409F3F47
S31A00105BA15BD200905DA102B1CA14D01084542406424008C0035E
S31A00105BB6904B4440D40E8C45248045421073F4E1808C1FA6421C
S31A00105BCB9FFC48F612F6619FCB7504C0110030E8E194046A01BD
S31A00105BE098196004F3B1981242C273E964200602E824311118E5
S31A00105BF5E0924052407A640EF6619C6898017AA6A2AB2F2E2D6A
S31A00105C0A9A3D3F24CA013132112C122E60EFF2B0A100B1E70858
S31A00105C1F40A613E64301C301A102B2C2FEC301B312A3B22064FC
S31A00105C3415214A029C68254A022406420213124C010F0211113B
S31A00105C495012522F2D9A3D3E3FA70211C064149C689F6D029830
S31A00105C5E22B282A62475EA64EA65ED65F425C0F64620BD02E8BB
S31A00105C73260380134220C102E8240300134AD20087DA249702C9
S31A00105C88010005C01152AA2F2E2D9A3D3E3FA70A11C4F6252679
S31A00105C9D8045038E34A630A614A61511C012C23C3B01C402C65E
S31A00105CB213CA14CC9C78ACF616F62703C604C821E80332EBC1A2
S31A00105CC7ECD23A39F651A630A614A6159C78ACEE21EF3224E8F3
S31A00105CDC03359C7DF61624004202002480454211739FB673F66B
S31A00105CF114A690A61AA61BF424C0F43DC2F662A650A616A6172B
S31A00105D06E5E0B78C18BB578418BA568C10BA568410B9558C08B2
S31A00105D1BB9558408B8549404F641980C02C4E9C2F621EEE28864
S31A00105D3002F661A50A2F2E2D9A3D3E3FA72511E054E4A6429FE6
S31A00105D455948F6144001D0058409F616208000E826980742E466
S31A00105D5A9F6C48F616232000F662F6819C71A100B1C00484E224
S31A00105D6F620340E4E72500200602E825424073E991E964EE2471
S31A00105D84010011E22406424C08E6AC03D002840702E09F935CDE
S31A00105D9911E046E402E2F681E62220B3D39FD236D20090A00210
S31A00105DAEE0424073E991E964F680E82412004040A20003E3F69C
S31A00105DC381E62203B3D39F884AA9404184134040A20003E30267
S31A00105DD8E1F681E62203B3D39FC44AA9E6AC04906840429007BA
S31A00105DEDE6AC0BD002905D44E4F6819F074BE0924052406301F7
S31A00105E02534153424CE47D03E0EE61F614200602E824131824E0
S31A00105E175F02E08004840DF615EC2502E201409F2F77114077BC
S31A00105E2C2480454A137BF6612203009C75F614200602E824427D
S31A00105E410073E981E9C58409670198056004F3B177A672A525B8
S31A00105E562F2E2D9A3D3E3FA70411C2A64D9F6D02244A0260F7FD
S31A00105E6BF00FA62C982EBC8C3111C0A6CA7BED61E961E961E975
S31A00105E8061A6D7A6C6F682F421C29F6E5BD200900EA6C401C05B
S31A00105E959F395D244A026008F10FE65C0087CDAC2F2E2D9A3D32
S31A00105EAA3E3FA70D244C46E0600080092406424008C008900908
S31A00105EBF244C464001C00190CB2406424208CA07D00684C0A163
S31A00105ED400B1C00890B926CA01409784B2018D9F804C11CB010D
S31A00105EE98B9C6AF6122480454239739FC973F610F450CB949505
S31A00105EFE018B9C6A9F534CD200908A230900220642F6819C71A3
S31A00105F139F6D02A62B984DBB8BA6B624CA01020B211A029FE73E
S31A00105F284711C92200402480454228739FB67302C9E952942A79
S31A00105F3D2406424008E70820A61AE60A01A6BC7DEE61E961202D
S31A00105F52D901E8219C6DA6A5A6B49FBB4EEE64F680E824110006
S31A00105F67E65B0087AE6609220642F6819F6276FB901A25CA013D
S31A00105F7C014B30E8E19410F6819F354DD200900769015957A452
S31A00105F91B903A50D2F2E2D9A3D3E3FF6159FFE5AA100B0E70857
S31A00105FA608A614C401F651E62214B3D39F5A5E9FA95E62059F5D
S31A00105FBB954B60DFF2B09F6D02A62A981ABA8AA6A624CA0102E9
S31A00105FD0002116029FE74777A6A624970202009F084A26CA013C
S31A00105FE5E65A0087DE7401B09F59492499464E127FE92701ACE7
S31A00105FFA02AEF67536B55D8C18B55D841DB45C8C10B45C84156D
S31A0010600FB35B8C08B35B840DB25E9409E9C724CA0117309806F4
S31A0010602424CA013111302F2E2D9A3D3E3FA70B11C326804501A0
S31A001060399411C0244C464001C004901024970201149FA436D25F
S31A0010604E009004049614C09F6D0252C29841E089C259C2A69CA2
S31A001060637DEE65F65120BD02E82111C5EE64EC6414C903C0F605
S31A0010607814020001C3F421C99FDB7320C102E82501C9E622088E
S31A0010608DB3D311C903C0024001C3F421C99FDB7343C2D3008795
S31A001060A2B903C0249702020001C3E62210B3D39FDB73A50B2F6A
S31A001060B72E2D9A3D3FA702F615A64624CA0102002116029FE7FD
S31A001060CC4711C0F6819F8148B2925240735341AA2F2D9A3D3EBA
S31A001060E13FF6159F6D02A62C6D7F9822BC8C640EF6519C68645B
S31A001060F603E7C140A6C4200602E8219FBA60B25D9402A62D20A8
S31A0010610B1000E825E65C0087D924CA015D332F2E2D9A3D3E3F4D
S31A00106120A719F61512D656D8A100B1E70840A613E64301C3014B
S31A00106135A102B2C2FEC301B312A3B22056C856D47252D5F466F1
S31A0010614AD4EE66F661E62208B3D3ED219F4D7411C6F651E62281
S31A0010615F10B3D39F4D7411C4F651EE219F4D7411C2F682EA91CE
S31A00106174E9919FAD4711CE30E8E18C057555CD989EE0A2C7E78D
S31A001061892802A612E6420152CDD200908D05C626804524294689
S31A0010619E020001A99FB673E9B1E9E5947846D824CA01020B21B3
S31A001061B31A029FE747F61522004042A7739FB673E955945C24F5
S31A001061C8CA01050B242946020042B7739FB673E9E5804866010B
S31A001061DD45C844B701CE9FC64CD20090394AD87BED642006025E
S31A001061F2E82402CEF4CA1424CA01010B9F1F48F612ED64EC642A
S31A0010620720CA01E824F81084041110980FF461D4E96146A67747
S31A0010621C20D901E8219C6B01C69C6AF6142529460140258045B7
S31A0010623102479C7BE9E4951846D824CA0102002116029FE74753
S31A0010624604D6110E05C606C202C49F1C47F652F663E9C3F63165
S31A0010625B9F7D4A11D09C6A20FF7FE9C084046004F3B1244C463E
S31A001062704000C040904A01C29FA436D20090417746D802C404AB
S31A00106285D6010E9F084AF61322E80301D09F2F77F612245F025F
S31A0010629AB360800A6004F3B16202520498184004840463015347
S31A001062AF0442D873E964205F02E82412006001F3B904D6040E4E
S31A001062C414CB49D859C97252CA01C92203009C75F615200602CC
S31A001062D9E825E082409FFC4811D242409FFC48F616E082409F73
S31A001062EEFC48F662E9C22480454209739FB67302CBF4CAD2E989
S31A00106303E2804B04D6040E14C0F6819F814805C0A62401C49F30
S31A00106318E448F6529F4748E9B201C49FF149F615F62601D0A6E1
S31A0010632D30A614A6159C853E3D9C79AC9DFF7EF464C9200602E0
S31A00106342E8241118F61304D6020EF6419F3375245F024004D0F1
S31A0010635702844501C29FA436D200903C49CDE6590090354CD838
S31A0010636C7DEE65F654200642E824020024CA01F4B1009F1F48DC
S31A00106381200602E825F421CEB3608001311150A4B903EE6420E1
S31A001063965F02E82421E8031100A5192F2E2D9A3D3E3FA708D235
S31A001063AB00901C641A212A029C6824CA012597020140F4C92A77
S31A001063C0242A0211009F5D399825242A0205020604249702023F
S31A001063D50424260201029F4936A630A614A615ED21EE32252A64
S31A001063EA021142124425CA01407284E0A1003090DB24970207D7
S31A001063FF00F4CF6AF671A630A614A61511C412C6242A02010294
S31A00106414020424E100359C7DF612A650A616A61712C013C203E3
S31A00106429C404C63C3B01C402C69C78AC9C853A39242A020112FF
S31A0010643E02149C72AC252A02115212540540A6B0A61CA61D3EEB
S31A001064533D01C802CA9C78AC9C853A39242A02011602189C7269
S31A00106468AC242A021116121801C002C23A3901C402C69C78AC77
S31A0010647D9C853A39242A02010602089C72AC242A0211061208C4
S31A001064923E3D01C402C69C78AC9C853A39242A02010A020C9C7E
S31A001064A772AC242A02110A120C3E3DF651F6629C78AC9C853AEE
S31A001064BC39252A02014E02509C72AC114E125031321142124403
S31A001064D117409F5D39A82F2E2D9A3D3E3FA701F6169F3356F6BC
S31A001064E6619F2E60A10030909D24804502003324CA01422FB7CA
S31A001064FB52805AB752841A422EB6528050B6528410422DB55249
S31A001065108046B5528406422CB452803CE092B452B4248045E0E4
S31A001065255202802F7252B49F6D02A6279821B787A67A7BED6115
S31A0010653AE961E961E961E62214B3D3A676F662E922F66157C0C9
S31A0010654F9F1D6147C0D70087DB74F661E62214B3D39F5A5E9F61
S31A0010656419579F5957D20090106001F3B96008F3B49FD6579F54
S31A00106579C659980B9F8242D20090046020F3B0729FA563A92F58
S31A0010658E2E2D9A3D3FF6157252749F0B5C62019FA563F6519F38
S31A001065A34F5CF651E62214B3D39FDF602F2D9A3DF615240C47A6
S31A001065B801060208114012422D9A230A00226C029C71620A9A6B
S31A001065CD3D3E3FA71011CA640A216C029C68240C474000C001DE
S31A001065E290C52406424208CA0490BCCA03D0028407A100B0C02E
S31A001065F7028404CA0890AB23040002CA2170029C719FDC3F2570
S31A0010660C6C02E6234011489F6D0252C852C99833E082C952C9FF
S31A00106621A62C7DEE6504CAED2414CEF651200642E82111CC2432
S31A001066366C02030804CEF4CB00220040F61401009F4D3FF68021
S31A0010664BE825114049C9E6590087C644C8F6819F3A7611C6245B
S31A001066600C470701010311C498384CC97DEE65F684ED2401C6D4
S31A00106675F4C900F61421FFFFF6729C7C206C02E825F610EC50B7
S31A0010668A940AF641F6729C751140980524FFFF1440E099C95998
S31A0010669FC907C442C9E052C883C1A5102F2E2D9A3D3FA100B04D
S31A001066B4C0109049E480B38408256C0222020098229FBB35244B
S31A001066C90C47E0520A8FED982F0142900BB415A100309004E9DF
S31A001066DE811142B4B4ED85ED85206802EDC087E424CA01F4905C
S31A001066F306100630F438081008A332509803A432002F2D9A3D1B
S31A001067083E3FF615F624260C474E80E6AE04906802400342A6C0
S31A0010671D42B512B612B712D2009024EA81F63230E8D211401251
S31A0010673242A626B316B416B516D600843E60EFF2B06404216C52
S31A00106747029C689831A100B0C010902A428573F4E12B8817E6BE
S31A0010675CAE108405211202980AA100B4C02090142116029FCD76
S31A0010677165240C4701060208114012429FAF662F2E2D9A24303F
S31A0010678680010502079A3F2430800101020319BD1ABF249280C0
S31A0010679B60DFF0002100089C472F9A3F63209F2E689F0268329D
S31A001067B02100089C432F9A3D3E3F2590802630806020F1422154
S31A001067C500089C454280CA0187F109BD0ABF2F2E2D9A3D3FA6E6
S31A001067DA2AA63BD2E98402B29A2110109F2E68A6A3620C9FAC84
S31A001067EF6B24908062DF5200E61B012430805B002F2D9A3F24C3
S31A00106804928060DFF0002100109F2E682430804200CA0187FA60
S31A00106819210CE09FAC6B24308072520024908062DF52002F9A69
S31A0010682E3D3FA62AA63B2100209C45BBA3E403C5BB0ABA13A3B1
S31A00106843C530620B9FAC6B2100209C472F2D9A3D3E3FA701A6F0
S31A001068582AF626428052C0A6A29F066A7B43C0B25384046B012D
S31A0010686D98074380A6A29F4C6BA6B2A92F2E2D9A3D3E3FA70377
S31A00106882F591C811C02100209C4522C30062059F526852C222CF
S31A00106897C20062049F5268A62A22C400620A9F5268A62C22C521
S31A001068AC00620B9F5268A62D22C600620E9F5268A62B22C700BD
S31A001068C1620F9F5268E00AC2BC0ABD0ABB0AE50C2A6D10F495C3
S31A001068D6C002C0A6D29F5268B20CBD9D15C0E65D1587EB21006C
S31A001068EB209C47A6C2AB2F2E2D9A3F2100209C452103009F4CD8
S31A001069006B2100FD9F4C6B2100209C472F9A9AA102C1A103C33B
S31A00106915A3C1309A3D3E3FF615220020F6219C432100209C450A
S31A0010692A62039F066A620B9F066AA3C520620F9F066AA3C720C0
S31A0010693FF9509055ED961DC8A103C3C33F4240C2C0B213A3C3FF
S31A001069543062059F066AC20F4340C3C0B21362059F4C6BA4C2B3
S31A0010696902A4C600A4C4002104029F4C6BA103C6620E9F4C6B82
S31A0010697EA103C4620A9F4C6B6A104380EE96A6A29F4C6BBA9A11
S31A00106993E65A1587F02100209C479FF5682F2E2D9A3D3FA62A7D
S31A001069A8A63B2100209C45BBA3E403C2BB0ABA13A3C23062042D
S31A001069BD9F4C6B2100209C472F2D9A3D3FA62AA63B2100209C35
S31A001069D245BBA3E403C7BB0ABA13A3C730620F9FAC6B210020B5
S31A001069E79C472F2D9AA2A03F2100209C4562019F066AA62A21A6
S31A001069FC00209C47A6A22FA00A9A3D3E3FA70152C0D2248C427A
S31A00106A1136983742C09FA36BA62AD3008427E65B00901C42C069
S31A00106A26D2009004D2038409E512ACBA5284069820BC5A901CCA
S31A00106A3BBD9D9FF200A6AC6B019806BD9D9FF2007B0CC8E05D72
S31A00106A500697C162FF9802A6A2A92F2E2D9AA2A03FA62A21003B
S31A00106A65209C45A6A29F066AA62A2100209C47A6A22FA00A9AFF
S31A00106A7A3DA2C03FF6152100209C457CA6C29F066A5240ED95DF
S31A00106A8FBC9CE65C1587F02100209C472FA00C2D9AA2A03F214E
S31A00106AA400209C4562039F066AA62A2100209C47A6A22FA00A3D
S31A00106AB99A3F2102029FC36A2F9A3D3FA62AA63B2100209C45D0
S31A00106ACEBBA3E403C6BB0ABA13A3C630620E9F4C6B2100209CC4
S31A00106AE3472F2D9AA2A03FCA029003E61204A62AE60A05600F3B
S31A00106AF8E400C4BA5090192100209C45A103C4C3F0BA13A3C4A7
S31A00106B0D30620A9F4C6B2100209C472FA00A9A3D3FA63AE50B88
S31A00106B2232A632E402C3B25B901D2100209C45BAA3E403C3BBF7
S31A00106B3713A3C330A630F3C162059F4C6B2100209C472F2D9A29
S31A00106B4C3DA2C03FA62AA63CD2248C2C7B9822A6C3A6A29FACAF
S31A00106B616BD3008412E65A039419A6A29FA36BD3008404BC52E7
S31A00106B76900CBB9B9FF2000CC8E05B0697D72FA00C2D9A3D3FD0
S31A00106B8BA62BA63A2100209C45A6A3A6B29F4C6B2100209C47F1
S31A00106BA02F2D9A3FFC609C61FC502F9A3FFC609C62FC502F9A79
S31A00106BB53DA2C03FA62CA63BA64AFC609FA36BA624D3008410FA
S31A00106BCAE502ABBAA3B403B213A6C29FAC6BA624FC50A6422FEA
S31A00106BDFA00C2D9A3D3FA62BA63A2100209C45E65A008411A153
S31A00106BF403C3C3C0A6B2C20FB312A3C320A3C1B0A103C36205D7
S31A00106C099F4C6B2100209C47A102C3C20F2F2D9A3F6480A103F2
S31A00106C1ECA62099FB56BA103C6E61310620E9FAC6B21007F9F7F
S31A00106C33AC6B2F9A3D3FA100CAC0109005210100981D62039F2F
S31A00106C48066AA62A7BBBBBBAEABBBBBAEABBBBBAEABBBBBAEAFE
S31A00106C5D210100ED012F2D9A3D3FA62BA10ACA62039F066ABA16
S31A00106C7212C210A6B3C3C0B312A3CA2064802109009FB56B21F7
S31A00106C8700809FA4692103EF9FAC6B21007F9FAC6B6303A6B2D9
S31A00106C9C9FC869A100CAC04090076380A6329FA4696480A1030C
S31A00106CB1CA62099FB56B2F2D9A3F2492806010F1002100049C37
S31A00106CC64509CB2F9A3F244080010119CB24928060EFF0002122
S31A00106CDB00049C472F9A3F9F0D6D322100049C432F9A3F210126
S31A00106CF0039F2E68244080620152002F9A3F2103039F2E682420
S31A00106D054080620152002F9A3D3F25908060EFF0422100039F30
S31A00106D1A2E6824408072520062EF52402F2D9A3D3FF6159F070A
S31A00106D2F01D200900E9FE46DFC60F6519C58FC509FB96D2F2DD4
S31A00106D449A3D3E3FA701F616F62556C09F0701D20090249FE43B
S31A00106D596D46C0F652F6619FDB7846C0F652F6619F6276FB9064
S31A00106D6E0946C0F652F6619F126E9FB96DA92F2E2D9A3D3F051A
S31A00106D83C498053D3F25804F393A3B9F0701D200900D9FE46D60
S31A00106D982B2A291DD12F2D9B8E7A210000AE2F2D9A3FA100CEF2
S31A00106DAD9008A4CE002100109C472F9A3FA100CE84052100106C
S31A00106DC29C472F9A3FA100CE84152100109C44FB900D9FF17109
S31A00106DD7E61280A3CE2062019801722F9A3FA100CE900C9FF177
S31A00106DEC71607FE400CEB25090052100109C452F9A3D3F9FE409
S31A00106E016DFC609C50F615FC509FB96DF6512F2D9A9BAF7B3D56
S31A00106E163FF6159F0701D200900E9FE46DFC60F6519C55FC5020
S31A00106E2B9FB96D2F2D9A3D3E3FA701F616F62556C09F0701D269
S31A00106E400090129FE46DFC6046C0F652F6619C54FC509FB96D93
S31A00106E55A92F2E2D9A3FA7016601F6829F786E42C0A92F9A3F47
S31A00106E6AA7026602F6829F786E01C0AA2F9A3FFC609C53FC50E5
S31A00106E7F2F9AFC602490807252005201520252035204520562C0
S31A00106E94FF52079A3FE4600088029C102F9A3D3FA62BA63AA191
S31A00106EA902199FF36FD2009005A102CF980EA6A2A3CFA0A10028
S31A00106EBE19C0018402A6B22F2D9A3D3F25108052409F97704250
S31A00106ED34373CA4CD04084026301A6322F2D9AA2A03E3FA70595
S31A00106EE8F61612C113C3F6819C16A62A9FD86FE65A02841E42C5
S31A00106EFDC0F6609E0000D20090139C10980742C000C39E000093
S31A00106F12F6819C16D20293F19C21D200900A00C19E00009FC8E4
S31A00106F276E99F2241080420752C0CA2090062100049FA670627B
S31A00106F3C019C1442C02410805207AD2F2EA00A9AA10219E4522A
S31A00106F51188004A419009AB292A319209A3DA2C03FA63C251073
S31A00106F668073534424D08053029C1EA10200E61201C2FDA300F5
S31A00106F7B20DA00880660A0F30798025C46311916A41800A41954
S31A00106F9000A41A01322100C09C432FA00C2D9A3DF6259011A1E9
S31A00106FA50419B254800A7573E9C2EA2542409801722D9A3D3FA2
S31A00106FBAF6259016A10419B254800F7573E9C2C4FEEA250140F3
S31A00106FCF9FA26E9801722F2D9A3FE4600088029C132F9A191633
S31A00106FE4A318409A73E452188C026301A6329AA623C2FEE45209
S31A00106FF91A9002729AA632C2019A3FA62EA632F6249014A10630
S31A0010700E19B356800D7773E9C3A6E4F641EB219F977262012F0B
S31A001070239A3D3E3FA70211C0F626A10219E612809FF36FD20051
S31A00107038902B43C072A10ACF7BE915F9609019A10619E056C151
S31A0010704D80117742C173E9C3C6FEF652F661EB219FA172F65186
S31A001070629FC02142C0A3CF206201AA2F2E2D9A3F24938060FBED
S31A00107077F0002100409C472F9A24148060F7F0009A3F249280E3
S31A0010708C607FF0002100809C472F9A3F2492806080F100210056
S31A001070A1809C462F9A3FA624C418C307B314241080540765802F
S31A001070B6A6242114809F66722F9A2414806008F1009AD20090E3
S31A001070CB082450806008F1009A24508060F7F0009AA624A63531
S31A001070E0A100D090052101009815246080420073B3B3B2E2B34A
S31A001070F5B3B2E2B3B3B2E273C201A3D020246080620152005459
S31A0010710A01D400900C62045200D50090046002F1009AA100D06A
S31A0010711F90042101009A246080420073B3B3B2E2B3B3B2E2B395
S31A00107134B3B2E273C2019A2460806001F10024908062FB5200E0
S31A001071499A3DFC602450804400C4F8E61401A100138430A103ED
S31A0010715E12902B2490800304A642C2FED3028403E61202E61208
S31A001071730425508052402490800102EB111104FCA013045440D7
S31A00107188FC4098072450805400FC802D9AFC60A620F313FC5002
S31A0010719D9AFC60B2A2E40213A31320FC509A3F21D30019142147
S31A001071B205009C3F2F9A9C42FC6020D300181430180C62049D59
S31A001071C7EB719C4BB2828BF7A10010A311009C42329C489C4966
S31A001071DCF6259DEB71F9509002F6529C4B9C42E728029E73006A
S31A001071F10A0C8402729A21D300F623E9C3F63122CDCC9C759A85
S31A0010720631249602222C039807F42100EC94EC94EA5483F5E9CC
S31A0010721BA19A3FFC609F0672E9A1242C031100FC502F9A3D3FDC
S31A00107230FC60242C0305009F0672FC5074E9C584026401A64227
S31A001072452F2D9A3FFC609F2E72D20084102298002196029C6970
S31A0010725A9F0672242C031100FC502F9A9DDE7CB504B5A5E0058A
S31A0010726F00B0149DE47C9D0B7D9A3FF657F625A6659DDE7C9833
S31A00107284074440ED959DE47CB5858BF59D0B7DF6752F9A9DDE47
S31A001072997C9DE47C9D0B7D9A9DDE7C9DE47CA6549DE47C9D0BFF
S31A001072AE7D9A3D3F9C602115399FAC6BA63B6480A64362199F39
S31A001072C3B56BD30090037A98087AE65B0084026A012115009F7F
S31A001072D8AC6BD30090017AA6A22F2D9A3F9FB0722F9A3FA701A8
S31A001072ED6601F6822108019F786E42C0A92F9A3FA7026602F62E
S31A00107302822104009F786E01C0AA2F9A3F9FFC7274E9A0900225
S31A001073176401A6422F9A3FA7029F0E73D200840F21202611C090
S31A0010732C6602F6822104009F316EAA2F9A3FA7026602F6822197
S31A0010734102009F786E01C0AA2F9A3D3FF615660AF6122109003D
S31A001073569F786E72524A2F2D9ADD008804E9B1EAF29AA624211F
S31A0010736B0001A640B300840AB292D2089004B36399F09A3FF6AF
S31A00107380232264009F9277206400E85194032164002F9A3DF6BC
S31A0010739525D6009009EA51800521640098112264009C77ED8342
S31A001073AA34EB21EC32F654359C7E2D9A3D9C77203200E821301F
S31A001073BFE832246400359C7D2D9A3F23E8039F92772F9A3F23CC
S31A001073D410279F2F772F9A3D3E3FA70AF61512C413C03111C226
S31A001073E94D404E414F424C43A6D2A6E3323A3901C402C69C78F6
S31A001073FEAC66109C8211C612C86610A6D2A6E3A6F4A6C59C81DA
S31A001074133A3901C402C69C78ACF421C6F43AC811C612C801C447
S31A00107428A630A614A6153A3931220100F4C9C4F4D2C69C78AC5A
S31A0010743DF421C6F43AC811401242A50A2F2E2D9AF614010002CE
S31A00107452026610200080E82130E8329C819AF6140100E9A090C9
S31A0010746704E99111009A3D3E3FA70C11C612C813CAEB52940401
S31A0010747C12CA13C802D401C800C69E0000F615F4CDD2F95090B4
S31A001074919902D401CA00C69E0000F4C9D2FB840401CA9884ED4C
S31A001074A641B3608077BB60801006CAF4CEC802C812C2210100AB
S31A001074BB11C4980906C8F4CECA02CA99EEBD608804EE919802C1
S31A001074D0EE81B3608002E991E57D30B2EC01C2EE21F451CA946E
S31A001074E50201CAF61500C8E950940205C802D4F65100C69E00BF
S31A001074FA00F4C9D211C030E8E18C0215C2F6619C6A200100E843
S31A0010750FE19415F8C09011F491C411C4202900E9C087A63212ED
S31A00107524C8980401C211C801C8A50C2F2E2D9A3D3E3FA706F641
S31A0010753916F627F4CF82F4CB8413C00580F671A630A614A61562
S31A0010754E11C212C43A3901C602C89C78ACF653A670A618A619C9
S31A001075633C3B9C78ACED95F654A690A61AA61B9C7D0386048815
S31A00107578E923EA3413861488058001C0F6529C7603C204C43C20
S31A0010758D3B9C78ACED95F654A690A61AA61B9C7D038A048CE936
S31A001075A223EA34138A148CF494801480F671F6429C7B0282E981
S31A001075B722128201C0F6429C7B0284E9221284AE2F2E2D9A3DAD
S31A001075CC3E3FA706F61512C0424652C2434753C3424852C4436E
S31A001075E14953C542C2E012C3E012C4B312D2009041014A024CAE
S31A001075F69C85F616F62701C0F4C94211C0A630A614A6159C8523
S31A0010760B3A39F661F6729C79ACF616F62742C243C344C445C51C
S31A001076209C853A39F661F6729C7FAC9DFF7EF4214498020144D3
S31A00107635AE2F2E2D9AA2A03EF616A64A2200809811BA8AA6A601
S31A0010764A77EB64EE240100E9E28802F612E65A0087EAF6212EE9
S31A0010765FA00A9A773FF657F614F62531EB8380104200E0C24041
S31A001076748406EC94ED9599EFE5D333F6752F9A9C766610200010
S31A0010768980E82130E8329C819A3DA2C03FA702F61412C0A66CD7
S31A0010769E0100F645980EF61201C09F197DF42142ED95ED95BCCA
S31A001076B38CE65C0087EBAA2FA00C2D9A3D3EF615F626F7000087
S31A001076C8F700009C89ACDA00940EF7003FF70000F651F6629CEB
S31A001076DD72980CF7003FF70000F651F6629C73AC9DFF7E2E2D70
S31A001076F29A6610200080E82130E8329C819A3F9F02689F0D6D52
S31A00107707729FA578FC60319FDC70249280725200249180520030
S31A0010771C24908052009F1D722F9A3FFC609C5FFC502F9A3D3E9F
S31A001077313FA70611C012C213C4F930901D9C6AF61601C29C6A14
S31A00107746F61501C49C6AF613F652F6619F9277F612B360800354
S31A0010775B22FF7F01C2F441C4F441C0B3608002EAB2F621AE2F8D
S31A001077702E2D9A3FFC60D20084039B1900739FDC7099FE9C7749
S31A001077856610200080E82130E8329C819A3DF63590229C77BBD1
S31A0010779AB7BAE634EB21EC32F654359C7EA627A636B514D40030
S31A001077AF8408A674A665F621980321FFFF2D9A3D3E3FA713F6FC
S31A001077C41612CF620152CC3212CD12CA98B00282230A00F42226
S31A001077D9CAF6819C7105C29021E060C08009F681F6509E0000DB
S31A001077EE981140C1C0089009454055C27858C39804014011C286
S31A0010780302C4900F40C0C0409009F681F6209E000011C442C05A
S31A001078189F8F78A626F8CF900942CC04CFE00200840F02849007
S31A0010782D11E52A46B5DB4040B300840642C1C2F852C1E064CC9D
S31A0010784254CCD400840DF8CF9009F494CF14CF690159CC40C16C
S31A00107857A200A23056D37252D4F461D3F421863900CC3803C806
S31A0010786C02CC01CA9F287DF492D312D301D0E6220AB3D311D08C
S31A00107881AE02CDF452808349A5132F2E2D9A6301A627C707985A
S31A0010789602B363B7878BFAC23FE72820A6129A3F74D200900253
S31A001078AB6401630FA6429F1C6B2102FF9FA4692100209C4521BC
S31A001078C008079F4C6B2109009F4C6BA4C400210A009F4C6B21AE
S31A001078D500209C472F9A3D3E3FA70456C312C1A624A635F626AA
S31A001078EAC21FE6F220983443C353C0B253940252C04AC07BF68D
S31A001078FF5302C12176029C71FC6046C0227602F6619C57FC5010
S31A00107914ED2601C1ED2111C143C3E0C3C053C3622043C3D300B9
S31A0010792987C6AC2F2E2D9A3D0DD1204000E825014020C0FFE886
S31A0010793E25E9A09014204200E825F4214020BEFFE825E9A09005
S31A001079530331982E76F654204400E824204800E82501400242E5
S31A00107968F42100F43A02D2FE840CD3FF8408D4FF8404D5FF9032
S31A0010797D026601E64601A6622D9A3D3FA7040CD1204400E82406
S31A00107992F4900010C030F4380210C2257602232000F642E62424
S31A001079A71CB5D5F6519C71FC6009D1E62240B3D39C58FC506611
S31A001079BC20F65209D1E62260B3D39FDB786604F68209D1E622BA
S31A001079D144B3D39FDB7821FEFF22FFFFF4C9C0F4D2C211C012A9
S31A001079E6C26604F68209D1E62248B3D39FDB78AC2F2D9A3D3F12
S31A001079FB257602C2C01140E9A111426604F65209D1E62240B38D
S31A00107A10D39FDB780CD1204000E8240040F4C800840B9F30796A
S31A00107A25D2009004620198049F8779722F2D9A3D3F9F3079D234
S31A00107A3A00903C0CD1204000E8240500F651E623C020FF1FE8D1
S31A00107A4F518C20FC60F6519C5866400AD1F6519FDB7866400A0E
S31A00107A64D1F6519F6276FC50FB900A72981972EDA08414981025
S31A00107A799F8779720CD1204000E824F4A000840262012F2D9A15
S31A00107A8E3D3E3FA70EF61512C813CA9F347AD20090D221C0FF3B
S31A00107AA3ED0111C3E60A3F98F46B40E5CBAB5BCC7353CD01CCAE
S31A00107AB8F451CA8C045BC2980443CA53C25AC67454C746C20270
S31A00107ACDC801C3F421C69F6276FB90A8FC6009D19C58FC50A661
S31A00107AE2A602C309D19FDB78A6A602C309D19F62760CD1FB9078
S31A00107AF70FA6A602C3F6419F126E9FB96D7298A246C202C801AA
S31A00107B0CC6EC219FDB7846C202C809D1F421C69F62760CD1FBB3
S31A00107B21900A46C202C801C6EC2199D1E0CBC25BC544C201C635
S31A00107B36E52A24B3DB06C3ED2646C5F662F641ED219FDB7846A7
S31A00107B4BC5F66209D1ED219F6276FB900A46C5F66209D1ED21B3
S31A00107B60999C01C39FF979D20093969F347AD200840F0CD16600
S31A00107B7540F642204000E8240100997D42C252C07353C101CA82
S31A00107B8AF4C9C011CA01C8F421C011C801C3E62240B3D311C39B
S31A00107B9F7AF8CA87089FB96D6201A50E2F2E2D9A3D3E3FA7038D
S31A00107BB411C0F62656C224E04F4015D096905D257602230C00DA
S31A00107BC922C04FF6519C7101C0114C1650244043144E2180439B
S31A00107BDE115243C2535468FF58556616F65221E04F9FDB784A09
S31A00107BF3C2E65A4094026A40A6A6F6622180439FDB78A6A6021D
S31A00107C08C02140439FDB78247602629652006601F64221F54F11
S31A00107C1D9FDB786003F3CDAB2F2E2D9A38F690A200393A3B3C0E
S31A00107C323D3E3FFC203F2690804A80E00A824080C008900D6021
S31A00107C47F750804082C00890039F927CA6A0C010900760EF5035
S31A00107C5C809F6201A6A0C020900760DF50809F5E01A6A0C004A7
S31A00107C71900760FB50809F9A7CA6A0C001900760FE50809F8A7C
S31A00107C867C9BB87124928060FEF0009A24928060F7F0009A243A
S31A00107C9B928060FBF0009A38F690A200393A3B3C3D3E3FFC20A7
S31A00107CB03F2690800580F40582C040900B60FEF08660BF5080D6
S31A00107CC59FDD7CA6B0C00290039F537EA6B0C00190039FA70091
S31A00107CDA9BB8719AF61433FC60FD219602E954801B212E03E9BF
S31A00107CEF548814420073E5C242E5D333A680C0019003A623723C
S31A00107D04E9235400EC94FD242C03F423001300FC50FD62019AB4
S31A00107D199C76660F200040E82130E8329C819A3D3E3FF6244F2B
S31A00107D2ECA4CCBF6158403319815E6AC409004F651980CE6ACF6
S31A00107D4308900542407398020140F8C68405E60CEF9814F9409B
S31A00107D5884066D016E01980D7D05C64040E0500080026D017E8E
S31A00107D6DA6CA7B220600ED02242000ED04200200EAC08419F952
S31A00107D82409002EBB3E6AA07D0028406E9E38CA59843E9E3804F
S31A00107D979F983DF9409002E903200400EAC0840A32E9C39018B4
S31A00107DAC2201009813200600EAC09003329809F63190032101CC
S31A00107DC100F612E6AA01900A31F9208403210100F612F92090C0
S31A00107DD66004C84201A620BF009007E6EC0088569805E6EC00D8
S31A00107DEB8058E65D00902EBFA3E6EC008808B30204C852019864
S31A00107E000EFC60BF1204C85201A630F000FC50E65E00903104E2
S31A00107E15C64200D2FF9029B2929823E6EC00800604C8A6F0F106
S31A00107E2A00E6AA10901F05C6E092409816E6EC008009BFA204F3
S31A00107E3FC8E002005200E6AA1090057205C652402F2E2D9A24D0
S31A00107E54928060FDF0009AA2A0F61401C144C347C4E060C3B730
S31A00107E69779090B7A0907DE6C77F8087D730940847C4CF80843F
S31A00107E7E69986CE614807576D7178C4B9018E5B700B4B4B3E300
S31A00107E93B2E2B6E6B78787F4B666B2D2B3D3B4D4767740C4C874
S31A00107EA8808410F42100F43A02E03604E0370588349839F4C9D6
S31A00107EBD00F4D202E0D604E0D705881FE9B1B4F4B5F5B6F6B766
S31A00107ED2F7981FA60A77E961B474B575B676B777BA8A87F29964
S31A00107EE7BD230000980323FFFFF631F6321100120256045705AA
S31A00107EFCA00A9A77980467809800B560B7E7D7C09050B460B592
S31A00107F1176904AE6C67E80459043E61480A632A643E6F610808C
S31A00107F262A9015D6088009A606A63273A6609008B3B3B2E2B6B5
S31A00107F3B8687F8CF409001FDB7608002E9B1E54073C0808401E9
S31A00107F50FD21FFFFB7608809E62080B043FD7372FD638099FA74
S31A00107F65FFFFFFFFFFFFFFFFFFFFFFFFFFFFFFFFFFFFFFFFFF06
S31A00107F7AFFFFFFFFFFFFFFFFFFFFFFFFFFFFFFFFFFFFFFFFFFF1
S31A00107F8FFFFFFFFFFFFFFFFFFFFFFFFFFFFFFFFFFFFFFFFFFFDC
S31A00107FA4FFFFFFFFFFFFFFFFFFFFFFFFFFFFFFFFFFFFFFFFFFC7
S31A00107FB9FFFFFFFFFFFFFFFFFFFFFFFFFFFFFFFFFFFFFFFFFFB2
S31A00107FCEFFFFFFFFFFFFFFFFFFFFFFFFFFFFFFFFFFFFFFFFFF9D
S31A00107FE3FFFFFFFFFFFFFFFFFFFFFFFFFFFFFFFFFFFFFFFFFF88
S30D00107FF8FFFFFFFFFFFFFFFF73
S31A00140000AF5AC87BFFFF191047262001010003000385020A0038
S31A0014001500FFFF0000900203120070FFFFFFFFFFFFFFFFFFFFB1
S31A0014002AFFFFFFFFFFFFFFFFFFFFFFFFFFFFFFFFFFFFFFFFFFBC
S31A0014003FFFFFFFFFFFFFFFFFFFFFFFFFFFFFFFFFFFFFFFFFFFA7
S31A00140054FFFFFFFFFFFFFFFFFFFFFFFFFFFFFFFFFFFFFFFFFF92
S31A00140069FFFFFFFFFFFFFFFFFFFFFFFFFFFFFFFFFFFFFFFFFF7D
S3070014007EFFFF68
S31A001400800123456789ABCDEFFEDCBA987654321014047236FF9A
S31A00140095FFFFFFFFFFFFFFFFFFFFFFFFFFFFFFFFFFFFFFFFFF51
S31A001400AAFFFFFFFFFFFFFFFFFFFFFFFFFFFFFFFFFFFFFFFFFF3C
S31A001400BFFFFFFFFFFFFFFFFFFFFFFFFFFFFFFFFFFFFFFFFFFF27
S31A001400D4FFFFFFFFFFFFFFFFFFFFFFFFFFFFFFFFFFFFFFFFFF12
S31A001400E9FFFFFFFFFFFFFFFFFFFFFFFFFFFFFFFFFFFFFFFFFFFD
S307001400FEFFFFE8
S70500100000EA
